a,b,c,d,e
北海道旭川市-アステック歯科016-625-8204,北海道,旭川市一条通10丁目左1号
北海道札幌市中央区-ミルキーデンタルクリニック,011-219-4618,北海道,札幌市中央区南一条西7-7-7 いーなビル2F
北海道札幌市中央区-デンタルオフィスユー,011-281-1002,北海道,札幌市中央区南一条西2-8 池内7F
北海道札幌市白石区-畑歯科医院,011-862-8416,北海道札幌市,白石区南郷通9丁目南6-14
北海道札幌市中央区-環状通わたべ歯科,011-533-1817,北海道,札幌市中央区南十八条西17-1-1 スーパーチェーンシガ伏見店2F
北海道函館市-菊田歯科クリニック,013-846-5313,北海道,函館市美原2-13-8 函館メディカルビル1F
北海道札幌市豊平区-大友歯科,011-824-1212,北海道,札幌市豊平区平岸三条11-1-24
北海道釧路市-くずまき歯科診療室,015-425-4875,北海道,釧路市北大通5-5
北海道釧路市-よしもと歯科・矯正,015-424-2240,北海道,釧路市新橋大通3-1-8
北海道札幌市中央区-ポピー歯科クリニック,011-562-4618,北海道,札幌市中央区南二十四条西11-1-1
end,end,end,end,end