都道府県,市区町村
三重県,いなべ市
三重県,三重郡
三重県,亀山市
三重県,伊勢市
三重県,伊賀市
三重県,北牟婁郡
三重県,南牟婁郡
三重県,名張市
三重県,員弁郡
三重県,四日市市
三重県,多気郡
三重県,尾鷲市
三重県,度会郡
三重県,志摩市
三重県,松阪市
三重県,桑名市
三重県,津市
三重県,鈴鹿市
京都府,乙訓郡
京都府,亀岡市
京都府,京丹後市
京都府,京田辺市
京都府,京都市
京都府,八幡市
京都府,向日市
京都府,城陽市
京都府,宇治市
京都府,木津川市
京都府,相楽郡
京都府,福知山市
京都府,舞鶴市
京都府,長岡京市
佐賀県,三養基郡
佐賀県,伊万里市
佐賀県,佐賀市
佐賀県,唐津市
佐賀県,多久市
佐賀県,嬉野市
佐賀県,小城市
佐賀県,杵島郡
佐賀県,武雄市
佐賀県,神埼郡
佐賀県,藤津郡
佐賀県,鳥栖市
佐賀県,鹿島市
兵庫県,たつの市
兵庫県,三木市
兵庫県,三田市
兵庫県,丹波市
兵庫県,伊丹市
兵庫県,佐用郡
兵庫県,加古川市
兵庫県,加古郡
兵庫県,加東市
兵庫県,加西市
兵庫県,南あわじ市
兵庫県,姫路市
兵庫県,宍粟市
兵庫県,宝塚市
兵庫県,小野市
兵庫県,尼崎市
兵庫県,川西市
兵庫県,川辺郡
兵庫県,揖保郡
兵庫県,明石市
兵庫県,朝来市
兵庫県,洲本市
兵庫県,淡路市
兵庫県,神崎郡
兵庫県,神戸市
兵庫県,篠山市
兵庫県,美方郡
兵庫県,芦屋市
兵庫県,西宮市
兵庫県,豊岡市
兵庫県,赤穂市
兵庫県,赤穂郡
兵庫県,高砂市
北海道,三笠市
北海道,上川郡
北海道,上磯郡
北海道,中川郡
北海道,久遠郡
北海道,亀田郡
北海道,二海郡
北海道,伊達市
北海道,余市郡
北海道,函館市
北海道,利尻郡
北海道,勇払郡
北海道,北広島市
北海道,北斗市
北海道,北見市
北海道,千歳市
北海道,名寄市
北海道,増毛郡
北海道,士別市
北海道,夕張市
北海道,夕張郡
北海道,天塩郡
北海道,室蘭市
北海道,富良野市
北海道,小樽市
北海道,岩内郡
北海道,岩見沢市
北海道,川上郡
北海道,帯広市
北海道,恵庭市
北海道,日高郡
北海道,旭川市
北海道,札幌市
北海道,松前郡
北海道,枝幸郡
北海道,標津郡
北海道,樺戸郡
北海道,檜山郡
北海道,江別市
北海道,沙流郡
北海道,河東郡
北海道,河西郡
北海道,浦河郡
北海道,深川市
北海道,滝川市
北海道,瀬棚郡
北海道,爾志郡
北海道,留萌市
北海道,登別市
北海道,白糠郡
北海道,白老郡
北海道,目梨郡
北海道,石狩市
北海道,石狩郡
北海道,砂川市
北海道,稚内市
北海道,空知郡
北海道,紋別郡
北海道,網走市
北海道,網走郡
北海道,美唄市
北海道,芦別市
北海道,苫前郡
北海道,苫小牧市
北海道,虻田郡
北海道,赤平市
北海道,足寄郡
北海道,野付郡
北海道,釧路市
北海道,釧路郡
千葉県,いすみ市
千葉県,佐倉市
千葉県,八千代市
千葉県,八街市
千葉県,匝瑳市
千葉県,千葉市
千葉県,南房総市
千葉県,印旛郡
千葉県,印西市
千葉県,君津市
千葉県,四街道市
千葉県,大網白里市
千葉県,富津市
千葉県,富里市
千葉県,山武市
千葉県,山武郡
千葉県,市原市
千葉県,市川市
千葉県,成田市
千葉県,我孫子市
千葉県,旭市
千葉県,木更津市
千葉県,東金市
千葉県,松戸市
千葉県,柏市
千葉県,流山市
千葉県,浦安市
千葉県,白井市
千葉県,習志野市
千葉県,船橋市
千葉県,茂原市
千葉県,袖ヶ浦市
千葉県,野田市
千葉県,銚子市
千葉県,鎌ヶ谷市
千葉県,長生郡
千葉県,館山市
千葉県,香取市
千葉県,香取郡
千葉県,鴨川市
和歌山県,伊都郡
和歌山県,和歌山市
和歌山県,岩出市
和歌山県,御坊市
和歌山県,新宮市
和歌山県,有田郡
和歌山県,東牟婁郡
和歌山県,橋本市
和歌山県,海南市
和歌山県,田辺市
和歌山県,紀の川市
和歌山県,西牟婁郡
埼玉県,さいたま市
埼玉県,ふじみ野市
埼玉県,三郷市
埼玉県,上尾市
埼玉県,久喜市
埼玉県,入間市
埼玉県,入間郡
埼玉県,八潮市
埼玉県,加須市
埼玉県,北本市
埼玉県,北葛飾郡
埼玉県,北足立郡
埼玉県,南埼玉郡
埼玉県,吉川市
埼玉県,和光市
埼玉県,坂戸市
埼玉県,富士見市
埼玉県,川口市
埼玉県,川越市
埼玉県,幸手市
埼玉県,志木市
埼玉県,戸田市
埼玉県,所沢市
埼玉県,新座市
埼玉県,日高市
埼玉県,春日部市
埼玉県,朝霞市
埼玉県,本庄市
埼玉県,東松山市
埼玉県,桶川市
埼玉県,比企郡
埼玉県,深谷市
埼玉県,熊谷市
埼玉県,狭山市
埼玉県,白岡市
埼玉県,秩父市
埼玉県,羽生市
埼玉県,草加市
埼玉県,蓮田市
埼玉県,蕨市
埼玉県,行田市
埼玉県,越谷市
埼玉県,飯能市
埼玉県,鴻巣市
埼玉県,鶴ヶ島市
大分県,中津市
大分県,佐伯市
大分県,別府市
大分県,大分市
大分県,宇佐市
大分県,日田市
大分県,杵築市
大分県,玖珠郡
大分県,由布市
大分県,臼杵市
大分県,豊後大野市
大分県,速見郡
大阪府,三島郡
大阪府,交野市
大阪府,八尾市
大阪府,吹田市
大阪府,和泉市
大阪府,四條畷市
大阪府,堺市
大阪府,大東市
大阪府,大阪市
大阪府,大阪狭山市
大阪府,守口市
大阪府,富田林市
大阪府,寝屋川市
大阪府,岸和田市
大阪府,摂津市
大阪府,東大阪市
大阪府,松原市
大阪府,枚方市
大阪府,柏原市
大阪府,池田市
大阪府,河内長野市
大阪府,泉佐野市
大阪府,泉北郡
大阪府,泉南市
大阪府,泉南郡
大阪府,泉大津市
大阪府,箕面市
大阪府,羽曳野市
大阪府,茨木市
大阪府,藤井寺市
大阪府,豊中市
大阪府,豊能郡
大阪府,貝塚市
大阪府,門真市
大阪府,阪南市
大阪府,高槻市
大阪府,高石市
奈良県,北葛城郡
奈良県,吉野郡
奈良県,大和郡山市
奈良県,大和高田市
奈良県,天理市
奈良県,奈良市
奈良県,宇陀市
奈良県,桜井市
奈良県,橿原市
奈良県,生駒市
奈良県,生駒郡
奈良県,磯城郡
奈良県,葛城市
奈良県,香芝市
宮城県,亘理郡
宮城県,仙台市
宮城県,名取市
宮城県,塩竈市
宮城県,多賀城市
宮城県,大崎市
宮城県,宮城郡
宮城県,富谷市
宮城県,岩沼市
宮城県,本吉郡
宮城県,柴田郡
宮城県,栗原市
宮城県,気仙沼市
宮城県,登米市
宮城県,石巻市
宮城県,遠田郡
宮城県,黒川郡
宮崎県,串間市
宮崎県,児湯郡
宮崎県,北諸県郡
宮崎県,宮崎市
宮崎県,小林市
宮崎県,延岡市
宮崎県,日南市
宮崎県,日向市
宮崎県,東臼杵郡
宮崎県,東諸県郡
宮崎県,西臼杵郡
宮崎県,西都市
宮崎県,都城市
富山県,下新川郡
富山県,中新川郡
富山県,富山市
富山県,射水市
富山県,小矢部市
富山県,氷見市
富山県,砺波市
富山県,高岡市
富山県,魚津市
富山県,黒部市
山口県,下松市
山口県,下関市
山口県,光市
山口県,周南市
山口県,大島郡
山口県,宇部市
山口県,山口市
山口県,山陽小野田市
山口県,岩国市
山口県,柳井市
山口県,玖珂郡
山口県,美祢市
山口県,萩市
山口県,長門市
山口県,防府市
山形県,上山市
山形県,天童市
山形県,寒河江市
山形県,山形市
山形県,新庄市
山形県,村山市
山形県,東根市
山形県,東田川郡
山形県,東置賜郡
山形県,米沢市
山形県,西置賜郡
山形県,酒田市
山形県,長井市
山形県,鶴岡市
山梨県,上野原市
山梨県,中央市
山梨県,中巨摩郡
山梨県,北杜市
山梨県,北都留郡
山梨県,南アルプス市
山梨県,南巨摩郡
山梨県,南都留郡
山梨県,大月市
山梨県,富士吉田市
山梨県,山梨市
山梨県,甲府市
山梨県,甲斐市
山梨県,笛吹市
山梨県,西八代郡
山梨県,都留市
山梨県,韮崎市
岐阜県,下呂市
岐阜県,不破郡
岐阜県,中津川市
岐阜県,加茂郡
岐阜県,可児市
岐阜県,各務原市
岐阜県,土岐市
岐阜県,多治見市
岐阜県,大垣市
岐阜県,安八郡
岐阜県,山県市
岐阜県,岐阜市
岐阜県,揖斐郡
岐阜県,本巣市
岐阜県,本巣郡
岐阜県,瑞浪市
岐阜県,瑞穂市
岐阜県,美濃加茂市
岐阜県,美濃市
岐阜県,羽島市
岐阜県,羽島郡
岐阜県,郡上市
岐阜県,関市
岐阜県,養老郡
岐阜県,高山市
岡山県,倉敷市
岡山県,備前市
岡山県,加賀郡
岡山県,勝田郡
岡山県,小田郡
岡山県,岡山市
岡山県,新見市
岡山県,津山市
岡山県,浅口市
岡山県,瀬戸内市
岡山県,玉野市
岡山県,笠岡市
岡山県,総社市
岡山県,美作市
岡山県,苫田郡
岡山県,英田郡
岡山県,都窪郡
岩手県,一関市
岩手県,上閉伊郡
岩手県,久慈市
岩手県,八幡平市
岩手県,北上市
岩手県,大船渡市
岩手県,奥州市
岩手県,宮古市
岩手県,岩手郡
岩手県,滝沢市
岩手県,盛岡市
岩手県,紫波郡
岩手県,花巻市
岩手県,遠野市
岩手県,釜石市
岩手県,陸前高田市
島根県,仁多郡
島根県,出雲市
島根県,大田市
島根県,安来市
島根県,松江市
島根県,浜田市
島根県,益田市
島根県,隠岐郡
島根県,雲南市
島根県,飯石郡
島根県,鹿足郡
広島県,三原市
広島県,三次市
広島県,世羅郡
広島県,呉市
広島県,大竹市
広島県,安芸郡
広島県,安芸高田市
広島県,尾道市
広島県,山県郡
広島県,広島市
広島県,庄原市
広島県,府中市
広島県,廿日市市
広島県,東広島市
広島県,福山市
広島県,竹原市
徳島県,三好市
徳島県,三好郡
徳島県,吉野川市
徳島県,名西郡
徳島県,小松島市
徳島県,徳島市
徳島県,板野郡
徳島県,阿南市
徳島県,鳴門市
愛媛県,今治市
愛媛県,伊予市
愛媛県,伊予郡
愛媛県,八幡浜市
愛媛県,北宇和郡
愛媛県,南宇和郡
愛媛県,喜多郡
愛媛県,四国中央市
愛媛県,大洲市
愛媛県,宇和島市
愛媛県,新居浜市
愛媛県,東温市
愛媛県,松山市
愛媛県,西予市
愛媛県,西宇和郡
愛媛県,西条市
愛知県,あま市
愛知県,みよし市
愛知県,一宮市
愛知県,丹羽郡
愛知県,刈谷市
愛知県,北名古屋市
愛知県,北設楽郡
愛知県,半田市
愛知県,名古屋市
愛知県,大府市
愛知県,安城市
愛知県,小牧市
愛知県,尾張旭市
愛知県,岡崎市
愛知県,岩倉市
愛知県,常滑市
愛知県,愛知郡
愛知県,新城市
愛知県,日進市
愛知県,春日井市
愛知県,東海市
愛知県,江南市
愛知県,津島市
愛知県,海部郡
愛知県,清須市
愛知県,瀬戸市
愛知県,犬山市
愛知県,知多市
愛知県,知多郡
愛知県,知立市
愛知県,碧南市
愛知県,稲沢市
愛知県,蒲郡市
愛知県,西尾市
愛知県,西春日井郡
愛知県,豊川市
愛知県,豊明市
愛知県,豊橋市
愛知県,豊田市
愛知県,長久手市
愛知県,高浜市
新潟県,三条市
新潟県,上越市
新潟県,五泉市
新潟県,佐渡市
新潟県,加茂市
新潟県,北蒲原郡
新潟県,十日町市
新潟県,南魚沼市
新潟県,妙高市
新潟県,小千谷市
新潟県,新潟市
新潟県,新発田市
新潟県,村上市
新潟県,東蒲原郡
新潟県,柏崎市
新潟県,燕市
新潟県,糸魚川市
新潟県,胎内市
新潟県,見附市
新潟県,長岡市
新潟県,阿賀野市
新潟県,魚沼市
東京都,あきる野市
東京都,三宅島三宅村
東京都,三鷹市
東京都,世田谷区
東京都,中央区
東京都,中野区
東京都,八丈町
東京都,八王子市
東京都,利島村
東京都,北区
東京都,千代田区
東京都,台東区
東京都,品川区
東京都,国分寺市
東京都,国立市
東京都,墨田区
東京都,多摩市
東京都,大島町
東京都,大田区
東京都,小平市
東京都,小金井市
東京都,府中市
東京都,御蔵島村
東京都,文京区
東京都,新宿区
東京都,新島村
東京都,日野市
東京都,昭島市
東京都,杉並区
東京都,東久留米市
東京都,東大和市
東京都,東村山市
東京都,板橋区
東京都,武蔵村山市
東京都,武蔵野市
東京都,江戸川区
東京都,江東区
東京都,清瀬市
東京都,渋谷区
東京都,港区
東京都,狛江市
東京都,町田市
東京都,目黒区
東京都,福生市
東京都,稲城市
東京都,立川市
東京都,練馬区
東京都,羽村市
東京都,荒川区
東京都,葛飾区
東京都,西多摩郡
東京都,西東京市
東京都,調布市
東京都,豊島区
東京都,足立区
東京都,青梅市
栃木県,さくら市
栃木県,下都賀郡
栃木県,下野市
栃木県,佐野市
栃木県,塩谷郡
栃木県,大田原市
栃木県,宇都宮市
栃木県,小山市
栃木県,日光市
栃木県,栃木市
栃木県,河内郡
栃木県,真岡市
栃木県,矢板市
栃木県,芳賀郡
栃木県,足利市
栃木県,那須塩原市
栃木県,那須烏山市
栃木県,那須郡
栃木県,鹿沼市
沖縄県,うるま市
沖縄県,中頭郡
沖縄県,八重山郡
沖縄県,南城市
沖縄県,名護市
沖縄県,国頭郡
沖縄県,宜野湾市
沖縄県,宮古島市
沖縄県,島尻郡
沖縄県,沖縄市
沖縄県,浦添市
沖縄県,石垣市
沖縄県,糸満市
沖縄県,豊見城市
沖縄県,那覇市
滋賀県,大津市
滋賀県,守山市
滋賀県,彦根市
滋賀県,愛知郡
滋賀県,東近江市
滋賀県,栗東市
滋賀県,湖南市
滋賀県,米原市
滋賀県,草津市
滋賀県,蒲生郡
滋賀県,近江八幡市
滋賀県,野洲市
滋賀県,長浜市
滋賀県,高島市
熊本県,上益城郡
熊本県,人吉市
熊本県,八代市
熊本県,合志市
熊本県,天草市
熊本県,天草郡
熊本県,宇城市
熊本県,山鹿市
熊本県,水俣市
熊本県,熊本市
熊本県,玉名市
熊本県,玉名郡
熊本県,球磨郡
熊本県,荒尾市
熊本県,菊池市
熊本県,菊池郡
熊本県,葦北郡
熊本県,阿蘇郡
石川県,かほく市
石川県,七尾市
石川県,加賀市
石川県,小松市
石川県,河北郡
石川県,珠洲市
石川県,白山市
石川県,羽咋市
石川県,羽咋郡
石川県,能美市
石川県,輪島市
石川県,野々市市
石川県,金沢市
神奈川県,三浦市
神奈川県,中郡
神奈川県,伊勢原市
神奈川県,南足柄市
神奈川県,厚木市
神奈川県,大和市
神奈川県,小田原市
神奈川県,川崎市
神奈川県,平塚市
神奈川県,座間市
神奈川県,愛甲郡
神奈川県,横浜市
神奈川県,横須賀市
神奈川県,海老名市
神奈川県,相模原市
神奈川県,秦野市
神奈川県,綾瀬市
神奈川県,茅ヶ崎市
神奈川県,藤沢市
神奈川県,足柄上郡
神奈川県,足柄下郡
神奈川県,逗子市
神奈川県,鎌倉市
福井県,三方郡
福井県,勝山市
福井県,坂井市
福井県,大野市
福井県,小浜市
福井県,敦賀市
福井県,福井市
福井県,越前市
福井県,鯖江市
福岡県,三井郡
福岡県,中間市
福岡県,久留米市
福岡県,京都郡
福岡県,八女市
福岡県,八女郡
福岡県,北九州市
福岡県,古賀市
福岡県,大川市
福岡県,大牟田市
福岡県,大野城市
福岡県,太宰府市
福岡県,宗像市
福岡県,宮若市
福岡県,小郡市
福岡県,春日市
福岡県,朝倉市
福岡県,朝倉郡
福岡県,柳川市
福岡県,田川市
福岡県,田川郡
福岡県,直方市
福岡県,福岡市
福岡県,福津市
福岡県,筑後市
福岡県,筑紫郡
福岡県,筑紫野市
福岡県,築上郡
福岡県,糟屋郡
福岡県,糸島市
福岡県,行橋市
福岡県,遠賀郡
福岡県,鞍手郡
福岡県,飯塚市
福島県,いわき市
福島県,二本松市
福島県,会津若松市
福島県,南会津郡
福島県,南相馬市
福島県,双葉郡
福島県,喜多方市
福島県,本宮市
福島県,東白川郡
福島県,河沼郡
福島県,田村市
福島県,田村郡
福島県,白河市
福島県,石川郡
福島県,福島市
福島県,耶麻郡
福島県,西白河郡
福島県,郡山市
福島県,須賀川市
秋田県,にかほ市
秋田県,仙北市
秋田県,北秋田市
秋田県,大仙市
秋田県,大館市
秋田県,山本郡
秋田県,横手市
秋田県,潟上市
秋田県,由利本荘市
秋田県,秋田市
秋田県,能代市
群馬県,みどり市
群馬県,伊勢崎市
群馬県,利根郡
群馬県,前橋市
群馬県,北群馬郡
群馬県,吾妻郡
群馬県,太田市
群馬県,安中市
群馬県,富岡市
群馬県,桐生市
群馬県,沼田市
群馬県,渋川市
群馬県,藤岡市
群馬県,邑楽郡
群馬県,館林市
群馬県,高崎市
茨城県,かすみがうら市
茨城県,つくばみらい市
茨城県,つくば市
茨城県,ひたちなか市
茨城県,久慈郡
茨城県,北茨城市
茨城県,取手市
茨城県,古河市
茨城県,土浦市
茨城県,坂東市
茨城県,守谷市
茨城県,常総市
茨城県,常陸太田市
茨城県,日立市
茨城県,東茨城郡
茨城県,水戸市
茨城県,牛久市
茨城県,猿島郡
茨城県,石岡市
茨城県,神栖市
茨城県,稲敷市
茨城県,稲敷郡
茨城県,笠間市
茨城県,筑西市
茨城県,結城市
茨城県,結城郡
茨城県,行方市
茨城県,那珂市
茨城県,那珂郡
茨城県,鉾田市
茨城県,高萩市
茨城県,鹿嶋市
茨城県,龍ヶ崎市
長崎県,五島市
長崎県,佐世保市
長崎県,南島原市
長崎県,南松浦郡
長崎県,大村市
長崎県,対馬市
長崎県,島原市
長崎県,平戸市
長崎県,東彼杵郡
長崎県,松浦市
長崎県,西彼杵郡
長崎県,西海市
長崎県,諫早市
長崎県,長崎市
長野県,上伊那郡
長野県,上水内郡
長野県,上田市
長野県,上高井郡
長野県,下伊那郡
長野県,下高井郡
長野県,中野市
長野県,伊那市
長野県,佐久市
長野県,北佐久郡
長野県,北安曇郡
長野県,千曲市
長野県,南佐久郡
長野県,塩尻市
長野県,安曇野市
長野県,小諸市
長野県,岡谷市
長野県,木曽郡
長野県,東御市
長野県,東筑摩郡
長野県,松本市
長野県,諏訪市
長野県,諏訪郡
長野県,長野市
長野県,須坂市
長野県,飯田市
長野県,駒ヶ根市
青森県,つがる市
青森県,むつ市
青森県,三戸郡
青森県,三沢市
青森県,上北郡
青森県,下北郡
青森県,五所川原市
青森県,八戸市
青森県,北津軽郡
青森県,十和田市
青森県,南津軽郡
青森県,弘前市
青森県,東津軽郡
青森県,青森市
青森県,黒石市
静岡県,三島市
静岡県,下田市
静岡県,伊東市
静岡県,伊豆の国市
静岡県,伊豆市
静岡県,富士宮市
静岡県,富士市
静岡県,島田市
静岡県,御前崎市
静岡県,御殿場市
静岡県,掛川市
静岡県,榛原郡
静岡県,沼津市
静岡県,浜松市
静岡県,湖西市
静岡県,焼津市
静岡県,熱海市
静岡県,牧之原市
静岡県,田方郡
静岡県,磐田市
静岡県,菊川市
静岡県,藤枝市
静岡県,袋井市
静岡県,裾野市
静岡県,賀茂郡
静岡県,静岡市
静岡県,駿東郡
香川県,さぬき市
香川県,三豊市
香川県,丸亀市
香川県,坂出市
香川県,小豆郡
香川県,木田郡
香川県,東かがわ市
香川県,綾歌郡
香川県,観音寺市
香川県,高松市
高知県,南国市
高知県,吾川郡
高知県,四万十市
高知県,土佐清水市
高知県,土佐郡
高知県,安芸市
高知県,安芸郡
高知県,須崎市
高知県,香南市
高知県,香美市
高知県,高岡郡
高知県,高知市
鳥取県,倉吉市
鳥取県,八頭郡
鳥取県,境港市
鳥取県,東伯郡
鳥取県,米子市
鳥取県,西伯郡
鳥取県,鳥取市
鹿児島県,いちき串木野市
鹿児島県,出水市
鹿児島県,出水郡
鹿児島県,南さつま市
鹿児島県,南九州市
鹿児島県,垂水市
鹿児島県,大島郡
鹿児島県,奄美市
鹿児島県,姶良市
鹿児島県,指宿市
鹿児島県,日置市
鹿児島県,曽於市
鹿児島県,曽於郡
鹿児島県,熊毛郡
鹿児島県,薩摩川内市
鹿児島県,西之表市
鹿児島県,阿久根市
鹿児島県,霧島市
鹿児島県,鹿児島市
鹿児島県,鹿屋市
