レビューID,施設ID,施設GID,レビュワー評価,レビュワー名,レビュー日時,レビュー本文,レビュー要約,レビューGID
101,108,ChIJ54Vj-HMpC18R62892F89QTc,1,さー,2026-01-30T12:34:22.059Z,"今までで、一番ひどい歯医者でした。
先生方の悪口にも聞こえるいい方が、患者を患者としか見てないから、酷い発言出来るんだろうと思いました。
痛いって言ってるのに、これぐらい痛くないしょやとか、
被せる歯を床に落としたのに、謝ることなく、落としちゃったよと誰かと話しながら、そのまま被せられました。
今すぐ謝罪をして欲しいです。
しかるべき対応とってくれる所に、相談したいと思います。",,Ci9DQUlRQUNvZENodHljRjlvT2s0eGVWTTRSRmRvY2trMWEwTjBPWFpJUXpSS05rRRAB
102,124,ChIJUetWJ4MpC18R_bwGYZ67kEo,5,e k,2026-01-20T23:48:39.981Z,"マウスピース矯正などでお世話になっています。
先生含め皆さんとても優しく、院内も綺麗です。",,Ci9DQUlRQUNvZENodHljRjlvT2tGa1VtcHBRMGRyTm5kWWRGZFVMWGR1U0hWM04yYxAB
103,159,ChIJfYuBsJwpC18RegxpccfLNtY,5,岡崎美波子,2026-01-20T05:42:50.408Z,"結論、すごく良かったです✨
⭐️5つでは足りないくらいです。
「藤井誠先生」に左上の奥歯を抜歯して頂きましたがかなり不安症で恐怖心が強い方なのですがその旨を事前にお伝えすると物凄く配慮して下さり不安も恐怖も忘れるくらい丁寧な手術でとても早くて忙しいはずなのに何度も「痛くないか。」確認して下さり少し涙が出そうでした。今まで出会ったお医者さんで1番です。電車で通う距離にあるのですが今後も通おうと心に誓いました！今まで家の周りの歯医者5院程回りましたが1番良かったです！ちなみに系列院の真駒内の夜間救急も行かせて頂きましたが凄く良かったです！もう日之出歯科一択です！帰り際に藤井誠先生にお礼を言いたかったのですが忙しいそうでしたのでこちらに心よりお礼申し上げます。本当にありがとうございました。",,Ci9DQUlRQUNvZENodHljRjlvT2xodmVsQlZNV1ZCWlZablUwRkxaa3B2V0Y5NFNVRRAB
104,147,ChIJn-fU4GEpC18R5G-5IKl0gvc,5,mikio,2026-01-29T07:33:21.993Z,自分に合った矯正を提案していただき、綺麗になり満足です！,,Ci9DQUlRQUNvZENodHljRjlvT2xkQlpuQjVjV3BuVEc5bVpUWk9jVUp1ZDJsa1VYYxAB
105,147,ChIJn-fU4GEpC18R5G-5IKl0gvc,4,Mat Tomoe,2026-01-24T09:13:47.071Z,"いつも丁寧に対応いただき感謝です。
歯も綺麗になり満足です。
ありがとうございました。",,Ci9DQUlRQUNvZENodHljRjlvT2pWSlNqQjJVMWhQVERJeVFYSkxRVFZaWDFweGVXYxAB
106,114,ChIJWYMRu7wpC18Rp0MMFaahIRk,5,Sae Okawa,2026-01-22T11:32:44.981Z,,,Ci9DQUlRQUNvZENodHljRjlvT201UFpUYzNNSFprZG5NMWFrOXFNRGRaU2xwSVRuYxAB
107,101,ChIJKUnDkzMpC18R2Krnc9yQm0Q,5,ゴロリちゃん,2026-01-27T14:49:07.249Z,徐々に歯が白くなっていくのを実感できてすごく嬉しいです！スタッフの方もみなさん優しいので通いやすいと思います！,,Ci9DQUlRQUNvZENodHljRjlvT2pKSlRXeDFWbTB0ZVRCeVgwaERiVWREVkVwRVMwRRAB
108,101,ChIJKUnDkzMpC18R2Krnc9yQm0Q,1,テレレ,2026-01-27T10:19:01.847Z,"スタッフは担当制なのか毎回同じ方。流れ作業な感じがします。
予約がとりにくいので忙しい方にはおすすめできません。",,Ci9DQUlRQUNvZENodHljRjlvT2s0M1JsWjJSakZWTkVkcGVuVnZlVkJsTWxGUFQwRRAB
109,101,ChIJKUnDkzMpC18R2Krnc9yQm0Q,4,ああ,2026-01-27T05:54:04.747Z,ホワイトニングで通ってます！家でのホワイトニングをしっかり毎日続ければすぐ結果が出るのと対応が丁寧なのでオススメです！,,Ci9DQUlRQUNvZENodHljRjlvT2pST1YxaE5jMk0yYkVaUWMwRm5UbmhsTUhST2QzYxAB
110,101,ChIJKUnDkzMpC18R2Krnc9yQm0Q,5,小関亜沙美,2026-01-21T01:44:50.878Z,,,Ci9DQUlRQUNvZENodHljRjlvT2s5TFowRk1ZWFJNZFhKRVpteHhiVXB4VW1WeE5IYxAB
111,136,ChIJg-DpoZUpC18RK-8KiT7kd-g,5,Junko Mannen,2026-01-27T01:32:38.506Z,"夫が癌の手術前に歯科治療を勧められ、夫が自分で探し当てた先生が、宮田先生です。
質問や相談にも答えてくださり、安心して治療を受けていました。

その後、私も宮田先生の世話になっています。
先生の技術はもちろん、丁寧な説明もありがたいです。
スタッフさんも応対も丁寧です。
院内も清潔です。

別件ですが、大雪に見舞われた札幌、駐車場の出入り口も除排雪がなされていて、感謝です。",,Ci9DQUlRQUNvZENodHljRjlvT2xkeE5GWldablZ3YlhoVWVGWnBZbXM1TTBsbk1YYxAB
112,140,ChIJPZtrBdspC18RCyaw5oLTNdc,5,ゆき,2026-01-29T09:35:29.065Z,"ちょっとした不安点にも毎回とても丁寧に説明してくださり、支払い方法についてもいろいろ相談しながら治療を進めていただきました。
治療中も、その時々の状況に応じて不安なことがあれば分かりやすく説明してくださり、安心して通うことができました。

こちらの都合もあり、治療完了までに1年以上かかりましたが、今では本当にインプラントにして良かったと心から満足しています。
ありがとうございました。",,Ci9DQUlRQUNvZENodHljRjlvT201cmVGUnFXa052UkZsdmJ6RTBRMWhDZWxaSmVuYxAB
113,164,ChIJXWPinscpC18RkoFCgoSQBrA,5,eh0055bq,2026-01-28T07:13:42.792Z,"先生、歯科衛生士さんみなさん素晴らしいです。
治療計画をしっかり立てていただき、治療が早く進むように考えてくれます。治療中の麻酔の注射苦手なんですが、痛みが少ない。
根幹治療はラバーダムを使った治療としっかりと説明していただけるので本当に感謝しています。",,Ci9DQUlRQUNvZENodHljRjlvT25OTFNHMVJPVmxqVjFsZlpIZzVNVmRwYUVkbVowRRAB
114,164,ChIJXWPinscpC18RkoFCgoSQBrA,5,tomohito kan,2026-01-27T09:06:05.492Z,きれいで利用しやすいです,,Ci9DQUlRQUNvZENodHljRjlvT2xvMVZVNUNhRVJyYm5KUk0yeHZjbmxUVWtNMFpWRRAB
115,135,ChIJI-TJCnUpC18RJNHyxWSBvoU,5,ドフラミンゴファミリー,2026-01-28T02:15:40.567Z,"静脈内鎮静法にて親知らずを抜歯しました。
まったく記憶が無く、痛みも苦しさも無くて良かったです。絶対にここで受けるべき。",,Ci9DQUlRQUNvZENodHljRjlvT2toNFJFOHdkekJyTUdKR1ZUbDBaVlkyWVZCa1RGRRAB
116,135,ChIJI-TJCnUpC18RJNHyxWSBvoU,5,y_s,2026-01-28T02:04:25.141Z,"両顎下にある親知らずの抜歯をしていただきました。
先生、スタッフの皆様が丁寧に説明してくれてなんの不安もなく望めました。
気づけば終わっていて本当にびっくりしました。",,Ci9DQUlRQUNvZENodHljRjlvT2tJMFptcDVOMGQxWlZVelZXTjRTemRxVUVFME5GRRAB
117,135,ChIJI-TJCnUpC18RJNHyxWSBvoU,5,N K,2026-01-22T07:38:52.204Z,"ネットで無痛治療があるのでこちらでお願いをしてもう何年もたちます。先生、歯科衛生士のかたみたさん優しく、歯医者が苦手な私でも通い続けてることが出来ています。
スタッフの皆さんがとても優しいので安心して治療をお願いできます。これからもよろしくお願いします。",,Ci9DQUlRQUNvZENodHljRjlvT25CNlowUllObmhmYVZaSlVFWktWMEZqYjJ0SVYxRRAB
118,110,ChIJL6Mt0pEpC18RWt6EMTVIBUw,5,竹内めぐみ,2026-01-30T07:41:58.243Z,"子供が約20年、先生にお世話になっております。
今の病院になっても以前と同じレベルかそれ以上の安心感を持って通院させていただき感謝の気持ちでいっぱいです。",,ChZDSUhNMG9nS0VJQ0FnSURwdFlDbFlBEAE
119,110,ChIJL6Mt0pEpC18RWt6EMTVIBUw,5,ヨウコ,2026-01-30T02:24:56.878Z,"口腔ケアでお世話になりました。
先生も衛生士さんも受付の方もみなさん優しく丁寧で安心して診察していただけました。
ありがとうございました。",,Ci9DQUlRQUNvZENodHljRjlvT2pGTWNUTnNSRXBxVkVwdlQyUlllbVYyWkVOT1pXYxAB
120,110,ChIJL6Mt0pEpC18RWt6EMTVIBUw,3,増田香織,2026-01-27T13:41:10.108Z,,,Ci9DQUlRQUNvZENodHljRjlvT2kxRWNrSTNlVXRKV2s1Wk1qVlJaRFZrUjNvMVprRRAB
121,110,ChIJL6Mt0pEpC18RWt6EMTVIBUw,4,畠山恭輔,2026-01-23T08:38:31.947Z,,,Ci9DQUlRQUNvZENodHljRjlvT2w5U1pYSTFXa2N6V0ZabFRuUnJVMlZ0Tm1OWVQwRRAB
122,110,ChIJL6Mt0pEpC18RWt6EMTVIBUw,5,moko kumo,2026-01-20T08:10:01.465Z,,,Ci9DQUlRQUNvZENodHljRjlvT2tSTmMyMXJXazVrZWt0M2RrUnZPVTFNV2pGaVZGRRAB
123,173,ChIJk3iJkrspC18RZfZtVgiS2vI,5,か,2026-01-27T03:48:48.178Z,予約制で待ち時間もなく通いやすいです。スタッフの皆さんも優しいです。,,Ci9DQUlRQUNvZENodHljRjlvT2t4S1dEY3piME56UmtsTGIyMXVVSEJIWjBZeE5XYxAB
124,112,ChIJUxSOWD0pC18ROez2Sx8QnR8,5,ゆ,2026-01-22T07:42:31.311Z,"3年前から通っています。
以前通っていた歯医者は予約制なのに待たされることが多かったのですが、ここは受付→治療→会計までとてもスムーズで、予約もアプリで24時間出来るので電話の手間も無くとっても便利です。
院内はいつも清潔で、全ての設備が最新なのも新しい歯医者さんならではだと思います。
院長はとても親切で気になったことは何でも教えてくれます。歯医者さんでよくある、ちまちま何週にも分けて通院させたりする事もないですよ。
地下鉄西28丁目から歩いて数分、また提携駐車場もあるのでアクセスも抜群です。",,Ci9DQUlRQUNvZENodHljRjlvT210dFdXNUVhakJqWTFWZlltOXdOVEpOV25nM09IYxAB
125,112,ChIJUxSOWD0pC18ROez2Sx8QnR8,1,TeTeTeTeTe,2026-01-21T06:20:15.915Z,セラミックが取れ受診。新しく作り直していただきましたが高さが合わず痛くて噛めないとさいさん伝えるも衛生士はそのまま仮着。痛すぎて自ら仮止めの歯を外しました。２本装着した際は隣接する歯との隙間がありすぎて食べ物が挟まり痛くて食事できず。当然その旨を伝えるも聞いてくれず馬鹿高いセラミック代が無駄に。これからは一歯治していただいて信頼できる納豆できる歯科なのかを確かめた上で治療を進めていただくべきだと、、、高額すぎた勉強料でした。,,Ci9DQUlRQUNvZENodHljRjlvT2poS2NUUnFWVXhCV25SaVowSndUWE40Tkc5bFYzYxAB
126,116,ChIJVddCv3UpC18RN-9KQu5HqDQ,5,五嶋希,2026-01-23T02:05:48.930Z,"何年も通っています
治療は適切で調子良く維持できています
定期的な歯のお掃除は他院で審美で自由診療になったものより丁寧で綺麗になります！
先生　衛生士さん　受付の方　皆さんとても感じが良く気持ち良く通える歯科医院です
混んでしまうのでクチコミ躊躇していましたが感謝の気持ちをお伝えしたくて！
いつもありがとうございます",,Ci9DQUlRQUNvZENodHljRjlvT2tkYWIxYzVkSEJMVm14RFZsTm1jV1V6Vmt3MGNuYxAB
127,102,ChIJ0dIVKd4pC18RACipYa5YnTw,5,konpeitou,2026-01-28T04:55:27.000Z,"いつも丁寧に治療含め、優しく対応してくださってありがとうございます。体調も気遣ってくださって本当にありがとうございます！
今後もよろしくお願いします！",,Ci9DQUlRQUNvZENodHljRjlvT2xSU2MwVTRjMFU0VFZOYWRtSTJjMnR5WlUwMGNIYxAB
128,102,ChIJ0dIVKd4pC18RACipYa5YnTw,5,funeta blcak,2026-01-28T01:27:10.234Z,とても丁寧に対応していただいて安心できます。,,Ci9DQUlRQUNvZENodHljRjlvT2tJMVJscDRUWFpJVFdsSk1sTnBlRkZsY0doT1EwRRAB
129,102,ChIJ0dIVKd4pC18RACipYa5YnTw,4,上井聖未,2026-01-21T03:54:22.707Z,"いつも丁寧に対応いただいています。
ありがとうございます。",,Ci9DQUlRQUNvZENodHljRjlvT2xkS1RscFVaRmhNWDNsdVRWRkVaR1ZDUVVkamJsRRAB
130,102,ChIJ0dIVKd4pC18RACipYa5YnTw,4,かめきち,2026-01-20T03:43:09.491Z,説明がわかりやすく、虫歯の状態も治療後の状態も実際に写真で見せてもらえてとても良かったです。,,Ci9DQUlRQUNvZENodHljRjlvT2xwVlZ6aGxWazQ1Wm5CbWFXcHRlV0pXWlV0eVRFRRAB
131,152,ChIJzfdwdeopC18RaM0ZqbHmezg,5,山本尋子,2026-01-30T05:19:40.153Z,"24年10月、退職を機に、上の歯をオールオン4（私は5本）、下の両奥歯をインプラント手術！
25年11月上の本歯、26年1月下の本歯、合わせて下の他の歯をホワイトニングや、銀歯を白く変え、遂に今日完結しました^ - ^
歯の形、色は勿論、噛み心地も自分の歯のようと言うより、前の自分の歯より快適、綺麗になりました！
これまで虫歯治療や部分入れ歯と、かなり歯には時間もお金もかけてきたけど、もうこれで悩まず済むと思うと嬉しさ爆上がりです。
費用はかなりBIGだけど、これからの人生考えたら絶対やって後悔のない治療法です！
手術当日から仮歯なので、歯が無い日もないから安心。
先生は、この道かなり有名で当然完全に安心して任せられるし、歯科衛生士の方も同じくプロフェッショナル。フロントの方も素敵で治療だけでなく医院すべてが信頼できます。
支店にも通い、下の歯の矯正も完璧にして貰いました。
や〜、ホントやって良かった！
益々美味しいもの食べるぞ^ - ^",,Ci9DQUlRQUNvZENodHljRjlvT201dU9UQlRiMUo1Tm10alVtcHlOME40Y25keGFIYxAB
132,128,ChIJ3cpQFckpC18RLObpC6NQMbI,5,澤口弓枝,2026-01-21T05:53:45.646Z,,,Ci9DQUlRQUNvZENodHljRjlvT21WNVVITmFWbEI1WTAxb1dXcFphVkpyVUVvM2FsRRAB
133,187,ChIJcUZwgowpC18R86fS1DX0zt8,1,Kimitaka Tanaka,2026-01-27T12:18:10.761Z,"雪のせいで道が悪く、予約時間に10分遅れただけで、予定の治療が途中で終わるかもしれませんが、今日はどうしますか？と受付で言われた。
忙しいのはわかるが、あまりにも顧客に対する態度が悪すぎる。
受診する方も仕事などを都合つけて、来ているのにあまりにも配慮が足りない。もう2度と行きません。",,Ci9DQUlRQUNvZENodHljRjlvT25OUGJqVTFTM2xQWmtkMVRGTlVOMk5QV0dGWk4yYxAB
134,125,ChIJJTONCwQqC18Ri7w0N8Z8Byo,5,みっつ,2026-01-27T11:41:40.029Z,綺麗な内装で、受付の方も先生方も優しくて丁寧！説明もわかりやすく、また料金のことなど気にしていましたが、無理に進めず話をしてから決めさせてくれるのありがたいです。また子供がいるのですが、時間を気にしてくれたりなどの配慮が素晴らしいなと思いました！,,Ci9DQUlRQUNvZENodHljRjlvT2pscFVXYzBWSGQxWkRSNlNHaFVhbnB6UnpSWFNHYxAB
135,107,ChIJHXz_b2AvC18Rxo2UmFIJg8U,5,品田syun,2026-01-30T12:37:46.819Z,2回目のホワイトニング。前回よりもさらにトーンが上がって、鏡を見るのが楽しみです。全然しみなかったし、スタッフさんも優しくて安心してお任せできた。やっぱりプロにやってもらうのが一番ですね。また色が気になり始めたらお願いしようと思います！,,Ci9DQUlRQUNvZENodHljRjlvT2tjdE9YZE5lRGhRTkVwMWRVRjRRakl4T1U5eU9GRRAB
136,107,ChIJHXz_b2AvC18Rxo2UmFIJg8U,5,ken hori,2026-01-30T12:13:31.132Z,"長年インプラントを迷っていましたが、カウンセリングでこちらの話をじっくり聞いてもらえたのが決め手でした。 説明が一方的じゃなく、こちらの疑問にちゃんと答えてくれたので、納得して進められたのが良かったです。

実際の治療もスムーズで、今は違和感なく過ごせています。もっと早く相談すれば良かったな、というのが正直な感想です。",,Ci9DQUlRQUNvZENodHljRjlvT2t4alZ6bFdlRTF4YTIxYVRrRkhSMkYyUkd0amNVRRAB
137,107,ChIJHXz_b2AvC18Rxo2UmFIJg8U,5,林幸夫,2026-01-30T03:03:53.922Z,"歯医者嫌いな初老の私にも長野先生に大変気遣って頂いたご対応を頂いております事から全ての患者さんにも同様の接し方なのだと思います。
だからいつも混み合っているって事の証しだと思います。
また、いつも仕事でも大変お世話になっておりありがとうございます😊",,Ci9DQUlRQUNvZENodHljRjlvT2todk9YTTJYM2RqVUVZMWExTmZSRTVWTkUxU09FRRAB
138,157,ChIJDzv-yFUrC18RvNh2h8M77F0,5,bo ke,2026-01-21T02:25:42.436Z,先生も衛生士さんも丁寧で安心して通院できました。,,Ci9DQUlRQUNvZENodHljRjlvT21NNU5FMVlVM2R1YXpSclVVaG5SRzFpT0hkVWVFRRAB
139,117,ChIJRQCp300pC18Rvwa5c4Z2oBg,1,くう太,2026-01-30T03:10:29.627Z,,,Ci9DQUlRQUNvZENodHljRjlvT2taRFZFazBXbUYyY1VsVWREWnZTSGRFTXpkZlpWRRAB
140,117,ChIJRQCp300pC18Rvwa5c4Z2oBg,5,くるぶし,2026-01-29T03:01:11.119Z,,,Ci9DQUlRQUNvZENodHljRjlvT2xOcWJtdE5ZelptVTFWTFJVaFdiRGxGTkdvd2RYYxAB
141,104,ChIJ8XN_OIwpC18RQU5tiy-VQqU,5,純子,2026-01-30T02:26:50.988Z,"数年に渡り悩んでいた箇所があり通い始めました。
以前通っていた東京のクリニックでは出来る事は特に無いと言われていたのでしっかり手入れする以外なすすべは無かったのですが次第に悪化していき、札幌に来てからもクリニック探しに迷走しました。
セカンドオピニオンでこちらのクリニックを訪れて、先生の丁寧な説明から、原因解明〜対策まで考えてくださると感じお任せする事にしました。
歯をなるべく残していきたい、というのが患者の望みだと思うのですがそうして下さる先生だというのが伝わってきた様に感じます。

先生方はお二人とも、また歯科衛生士さんも親身で丁寧ですし、安心出来ます。
今後どんな治療になっていくかは不安ではありますが、期待しつつ通っていきたいと思っています。",,Ci9DQUlRQUNvZENodHljRjlvT2xKcU1FZHFZbHBZVG1STWF6UkdWbUZJU2xwR2JGRRAB
142,206,ChIJVzcne1UlC18RFlYdBBJTPug,1,anna,2026-01-29T11:50:35.597Z,"最低、最悪です。
こんな歯医者が存在するのが恐ろし過ぎる。

何十万もする治療を保証期間が1年以上残ってるのにも関わらず、勝手に保証終わりだと言いはり、やり直して貰えませんでした。
忙しくてしばらく行けない事は言ってあったのに、たった2ヶ月行かないだけで、保証は終了するそうです！
何十万もする治療の保証が、保証期間内であっても、2ヶ月行けないだけで、その説明もしてあったのにも関わらず、終了するそうです。
保証の意味って知ってるんでしょうか？
文句があるなら、弁護士たてろとまで言われました。
医者ではなく、どこぞの組の人と話してるようでした。",,Ci9DQUlRQUNvZENodHljRjlvT2xBNFlrWTVaR0ZTWkVSemRIQlpka3ByV0VKVFFVRRAB
143,339,ChIJK1znJNsoC18RTLvwGhmHgwg,2,オダマギ尾,2026-01-27T00:23:56.741Z,"以前は良いと思ってた
暫くぶりで通ったが、仕事が雑に…
困るので意見するとなんかキレられた。
年取ると横柄になるのか？
丁寧さも無くなり驚いた
初心忘れたか……残念だ
もう誰にも紹介しないわ",,Ci9DQUlRQUNvZENodHljRjlvT2tOdmFEVkdiMGxSWXpsbWQzSnVTV2RuVlZGVmNYYxAB
144,345,ChIJfVAQ7akrC18RRk6ETc-gjAA,5,kumagai hideyuki,2026-01-27T03:15:41.601Z,,,Ci9DQUlRQUNvZENodHljRjlvT2pZeFF5MHlPR3BXWlhSaGIwUk9SekF3UVVwVmJuYxAB
145,321,ChIJKQmE2O8uC18R0fE_UNY3w4c,5,tmysan,2026-01-23T09:22:39.977Z,"似鳥先生は麻酔の注射痛くないです。
丁寧に説明してくれますし、優しい方です。
スタッフの方々もいつも優しいので定期的に通院させていただいています。
これからもお世話になります。",,Ci9DQUlRQUNvZENodHljRjlvT2pWbVNHTXRhM0E1VTNOdFFVeDFMVEl6VUcxSmFYYxAB
146,325,ChIJuz-f9zcvC18RqmyMlFRzmS4,1,HIDE M (ひであき),2026-01-26T14:14:22.558Z,いつも目の前の消火栓が雪で埋められている。誰かが悪いわけではないでしょうけど。雪が悪いのかな。,,Ci9DQUlRQUNvZENodHljRjlvT2pOUFRrd3hVSFIyWjBSU1MxVXhkbVpYUVRSbU5tYxAB
147,233,ChIJ1TCDLZ8oC18RL2Xii36sPTY,5,みみな,2026-01-30T00:59:22.210Z,"ここで治療を受けてから口腔内はもとより体調までも良くなり本当に感謝しております。院長先生にはなんでも相談できますし
スタッフも皆さんプロで嘔吐反射の強い私も一度も気持ち悪くなったことがありません
また定期検診でよろしくお願いします🙇",,ChdDSUhNMG9nS0VJQ0FnTUNRcEpDanZBRRAB
148,295,ChIJq6oaITcvC18RH8gMwaPCv2M,5,いっく,2026-01-26T11:36:57.838Z,"始め駅前の房川デンタルクリニックで
大先生にお世話になって　その後こちらに来て　もう6年位になります。
私は若くして歯を何本も無くし　自分の歯はあまり無いのですが、先生始めスタッフの皆さんが丁寧に親身に接してくれるので、インプラントのお陰で楽しく食事が出来ています♪
これからも頑張って通いますので宜しくお願いしまず^_^
ありがとうございます",,Ci9DQUlRQUNvZENodHljRjlvT25CRlVucFBNMHRvU1haWFUwVm9Xa05wWm5wVldIYxAB
149,300,ChIJawe-JG8pC18R-AUFry7d6iQ,5,でぶねこ,2026-01-29T07:58:45.201Z,とても丁寧に診てくれますし、ダラダラ通院をさせるようなことはありませんので、安心して通えるクリニックです。,,Ci9DQUlRQUNvZENodHljRjlvT2pkTVEzZDVhVEpEVVhsamRYUTJORkJSTjAwd1ZIYxAB
150,300,ChIJawe-JG8pC18R-AUFry7d6iQ,5,藤山海斗,2026-01-23T07:51:20.396Z,,,Ci9DQUlRQUNvZENodHljRjlvT2toUFJYRjZlbDlaTFRkcVFWSnRWamxaUjBGb2VGRRAB
151,300,ChIJawe-JG8pC18R-AUFry7d6iQ,5,高橋良幸,2026-01-23T07:49:16.832Z,,,Ci9DQUlRQUNvZENodHljRjlvT2pWZlQwTlFjVTVZTUU1dFUzRnpUV3hWU0d0aVlYYxAB
152,320,ChIJV2sykcIuC18RMTtAYEx0f3s,1,ken kuma,2026-01-29T16:50:51.670Z,"かなりレアな歯医者
ナースがネイルしている日本全国で
唯一希少な病院！
それが普通なのか？ ネイルナースは
複数名いるのも面白い！
ネイルしている方々は接客そのものも
普通では無い
ここは飲み屋なのか？病院なのか？
ホームページの綺麗な言葉とはかなり
かけ離れている面白い歯医者さんでした
院長はオーナーなのか？謎
多分違うんだろうと思う所です
開業医で普通にネイルを許すはずが
無いと思うので。
その爪で人のくちに指を入れるとは
あまりにも舐めすぎだと思いませんか？
それがこの病院さんの
ポリーシーでしたらどうぞご自由に。",,Ci9DQUlRQUNvZENodHljRjlvT21adlVFSnFiRzQ0ZVU5cFZsVldXbDlSWldsaGRIYxAB
153,357,ChIJ6ziLUacrC18R9Pok29CadN8,1,マルコメ,2026-01-29T12:57:16.611Z,"初診日から1ヶ月(計4回受診)で治療が全く進まず、治療方針を決める為の検査を数多く実施されていました。
患者目線ではどれが重要で、どれが重要度が低いのか？は全く分かりません。
ただ受診する度に再診料や検査料を取ってくる事を考えるとここまでやる必要はないので？と感じました。
治療が進まない為、先日転院するとお伝えさせていただきました。
なので今回は４回の診療にしてはやや高めの支払いだけして終わる形になりました。

検査結果よる治療方針では私は保険内治療でなるべく安く・最短でと伝えたにも関わらず、15〜50万円前後の治療パターンの説明しかありませんでした。

他院の先生に今回の治療方針などを相談した際に説明している事は間違いないし、その治療にかかる費用は正しいけど、私の希望を考えると優先的にその治療パターンを説明するのは間違えているかもしれませんと言われました。

現在は他院で受診2回目で治療が始まっています。",,Ci9DQUlRQUNvZENodHljRjlvT2s1c2MyWnpRWEZYTVZGbVptOXhSMFZmYVhSTmEwRRAB
154,381,ChIJcUm5HBIrC18ReLfRdprCnoQ,5,正治大住,2026-01-29T07:35:28.858Z,"現在治療に通っており、大変気に入っている場所です。

いつも清潔で、設備がしっかりとした印象。
先生が日本口腔外科学会の有資格者であるため、口や歯の形を見たうえでのスケジュール管理・治療を行ってくれることがかなりの利点。やや慎重気味な進行速度になりますが、個人的には信頼を感じます。
私自身、衛生士の皆さんを含めて不満を感じたことはありません。

先生については、モノをハッキリ言うお人であることは事実です。
ダメなことはダメ、こうした方が良い、など理由をハッキリと説明してくれたうえでの施術になるため不透明なことが一切ないお人柄。私の気質には合っています。しかし、『ハッキリ言う』ということは遠回しな言い方とトレードオフであることは事実。もし、オブラートに包んだ言い方を望むのであれば、他の治療院も検討されるのが良いかもしれません。",,Ci9DQUlRQUNvZENodHljRjlvT21SaU9UVXpWMkZEYjNWVU1WQkdPRGwyUjJVdFIzYxAB
155,436,ChIJMzsQG7YrC18R4Dg7yLIuqkc,5,TKG,2026-01-26T01:46:49.770Z,"予防歯科に力を入れているそうです。
特に予約時に指名はしていませんが、どの歯科衛生士さんも凄く丁寧です！",,Ci9DQUlRQUNvZENodHljRjlvT2xKTVJFRnFielJQUWxGUlJGZFdUMU00YTFGRWFWRRAB
156,378,ChIJocadtD4rC18RSuqAfYHeE74,1,松川和樹,2026-01-29T07:10:05.724Z,,,Ci9DQUlRQUNvZENodHljRjlvT2t0Mk1XVk1RMUZyVW1WZk9VWm5Wa3hwVlRseFoyYxAB
157,410,ChIJjRxbDsgrC18RM8fk_CJub0A,4,ゆぅRomantico,2026-01-21T01:37:59.326Z,,,Ci9DQUlRQUNvZENodHljRjlvT2tSMlFWSnlRVWR5UmxwQk5VdFlNMGxCWjJkblJIYxAB
158,385,ChIJq6q6iOcrC18Rv4tQpSVCJZs,1,MN MN,2026-01-26T14:41:36.213Z,,,Ci9DQUlRQUNvZENodHljRjlvT2pKSmNsZDBPRTlwVUc0eWJqUmljRk5HVVhaaVVWRRAB
159,354,ChIJx79QBacrC18RMPOGscV5aqE,1,ナカハル-_-,2026-01-28T03:58:03.197Z,"数年前に一度虫歯治療でかかりました。
院長先生の技術力には問題ないと思いますが、自分は歯科医側の情報共有、説明不足により保険外治療で金銭トラブルになりました。
なんとか納得できない旨を説明し返金に応じていただけましたが、かなり渋々という感じで治療を担当した院長から謝罪はなく、誠実さに欠けているように思いました。

他の方の参考になるよう特に気になった点を以下に記載しておきたいと思います。

1️⃣歯科衛生士、院長、受付間での情報共有が不十分、ミスが多い
→こちらの歯医者では初診時に別室で治療方針などのヒアリングをしてくださる方がいるのですが、まともに情報が共有されていないのか、何度も同じことを説明させられます。
→虫歯治療で、自分はまずレントゲンを撮り、次回受診時治療…という流れだったのですが、2回目の受診でいざ治療というときに歯科衛生士の方から「レントゲンを撮る歯を間違えた」と言われて撮り直しになり、予定が先延ばしになってしまいました。

2️⃣保険外治療をする際、突然覚書のようなものを書かされる
→保険外治療した歯について、「治療後も定期クリーニングに通うこと」「患者側の努力不足(メンテを怠った)が認められる場合、治療費の返金額割合が下がる(確か最悪0%だったと思います)可能性があるという主旨の契約書にサインを求められます。
言い分は妥当だと思うのですが、クリーニングに通わないと返金に応じて貰えない可能性があることは保険外治療の案内時には説明されていないことでした。自分で覚書をよく読まなければ見落としてしまう可能性があります。
また、この書類の控えは患者側は貰えず、書いた後即回収されてしまうので、心配な方は許可をもらって写真など撮らせてもらった方が良いかもしれません。(許可してもらえるかはわかりませんが…)

3️⃣予約条件が厳しい
→他の方も書いていますが、病気、事故など事情に関わらず予約をキャンセルすると次回以降予約が取りにくくなる場合があるようです。
こちらの歯医者では、1本の虫歯を治すのにも複数回の通院が必要なケースが殆どなので、家庭の事情などで突然キャンセルになる可能性が高い方には絶対お勧めできません。

4️⃣治療の痛み、対応が良くない
治療時麻酔の効きが悪かったのか、頭が痛くなるほど神経に響き、治療用の椅子も硬めのため後頭部がとても痛くなりました。また治療中は目にタオルをされますが、外された後、自身の胸元にタオルが置かれており、その上に治療で出た血のついたガーゼのようなものが沢山載せられていて驚きました。せめてテーブルに置くべきなんじゃ…と思いました。

5️⃣情報管理が甘い
治療室には大きなモニターがあるのですが、モニターに他の方の治療予定が映し出され、丸見えだったことがありました。(名前、治療内容、時間帯など)
個人情報の取り扱いに気を使う必要がある方にはお勧めできません。

6️⃣虫歯治療、保険外治療への誘導をメインとした説明
治療計画を立てる際、「この治療なら保険外治療の方がいい、保険内だと後々のリスクが高くなる」というような説明が多いです。あながち間違いでもないのかなとは思いますが、保険内のみで治療したい方は少し面倒に感じるかもしれません。

また、こちらではかなり初期の虫歯もカウントし治療対象とするようです。
念の為、現存の歯をなるべく保存する方針の歯医者2箇所でもみてもらいましたが、両方で「治療が必要な歯は1本もない」と言われました。
これについては良し悪しというよりは方針の違いだと思うので、
・とにかく大小に関わらず目に見える虫歯は即治したい人
・初めから保険外治療を求めている人
にはとてもお勧めできると言えます。

なるべく悪化しないように現状を保存し、自分の歯を残し、費用を抑えて保険内の治療をしたい方にはお勧めできません。

以上です。
保険外治療は各院が価格を決めるものなので一概に高い、安いとは言えませんし、私が保険外治療していただいた歯は今も特に問題ないので、技術はある方だと思います。
しかし、説明不足、確認不足、情報共有不足、不信感、予約キャンセルに対する度を過ぎた厳しさや度重なる不誠実な対応により信用できなくなり転院する羽目になったので、時間にかなり余裕がある人、納得できない点を即座に突っ込んで聞ける人、問題が起きた時泣き寝入りせずにはっきりと追求できる人以外にはお勧めできません。",,ChdDSUhNMG9nS0VJQ0FnSUQ3My1qd3BRRRAB
160,429,ChIJc_-d0OArC18RCwnjeuM7prM,5,k m,2026-01-29T10:11:10.123Z,丁寧な診療でした！,,Ci9DQUlRQUNvZENodHljRjlvT2twMVNYRmxPWGhvVDA4MVgxZzVXR1Y0YUVSS05GRRAB
161,429,ChIJc_-d0OArC18RCwnjeuM7prM,5,YUKO,2026-01-29T03:42:53.311Z,院内は清潔感がありとても綺麗で、受付のスタッフさんも丁寧な対応で良かったです。,,Ci9DQUlRQUNvZENodHljRjlvT25wclp6UjFUSFZNYVVSSk9WTjJPRzFLTjJkWWFVRRAB
162,429,ChIJc_-d0OArC18RCwnjeuM7prM,5,柄澤理紗,2026-01-28T07:10:29.783Z,とても清潔感があり、個室もあって良かったです。落ち着く空間でした。,,Ci9DQUlRQUNvZENodHljRjlvT21odFRtWk1ZMVU1YkZkblZqWTBWVXgyYm5jMU9XYxAB
163,429,ChIJc_-d0OArC18RCwnjeuM7prM,5,きゃりー,2026-01-22T01:35:36.257Z,"院内が明るく清潔感があり、歯医者特有の緊張感が少ないのが良かったです。
待合室も落ち着いていて、リラックスして過ごせました。",,Ci9DQUlRQUNvZENodHljRjlvT21Gd1preERRMlF4UW5CaU1YVklNV2h4YmxkdFYwRRAB
164,450,ChIJwy9LGjkqC18RySC7kI5pwTE,5,駒土本垢,2026-01-26T23:53:38.685Z,定期検診してもらって歯を磨くアドバイス等いただいてます。場所も行きやすいし、きちんと先生が診ていただいてます,,Ci9DQUlRQUNvZENodHljRjlvT2t0c1UwVlplVkl3YWtKQmNsaFNUMWhVY1RGRmFHYxAB
165,527,ChIJg7W5elvpDF8R9DVrlDzLi0g,5,山岸愛美,2026-01-30T14:48:36.160Z,小3と年長の2人の歯並びが気になり、マウスピース矯正を始めました。矯正は痛そう・大変そうというイメージがあり不安でしたが、実際は痛みもほとんどなく、子どもたちもすぐに慣れてくれました。透明なので学校でも目立たず、「友だちに気づかれないのが嬉しい」と本人たちも前向きです。食事や歯磨きの時に外せるので、虫歯の心配が少ないのも親として安心できるポイントでした。先生やスタッフの方の説明もとても丁寧で、子どもにも優しく接してくださり、安心して通えています。歯並びが整ってきて笑顔が増えたのが何より嬉しく、こちらの歯科を選んで本当によかったと思っています。,,Ci9DQUlRQUNvZENodHljRjlvT2s0M1Uwd3RiRGRLYUVRM09XZHlWMUJVZG1WbGVVRRAB
166,527,ChIJg7W5elvpDF8R9DVrlDzLi0g,5,ちゃむ2世,2026-01-30T09:59:25.046Z,担当してくれるスタッフさんがいつも丁寧で優しいので安心して治療ができます！！,,Ci9DQUlRQUNvZENodHljRjlvT2xKZk5FNW1OamQwT1doa1IwNHRWalIxVTJwSGJGRRAB
167,527,ChIJg7W5elvpDF8R9DVrlDzLi0g,5,ml o,2026-01-30T09:54:06.263Z,"一年半ほどで矯正が終了しました。
元々コンプレックスだったのでとっても綺麗に治って本当に人生が変わりました☺️
先生や衛生士さんには本当に感謝してます！",,Ci9DQUlRQUNvZENodHljRjlvT25abGVVcE5ZMEZqUlhCd1FqQktRbWMwTm1kamRtYxAB
168,527,ChIJg7W5elvpDF8R9DVrlDzLi0g,5,ディープインパクト,2026-01-29T13:28:47.966Z,矯正治療の選択で迷っていたのですが、こちらのクリニックに相談してよかったです。,,Ci9DQUlRQUNvZENodHljRjlvT205M1NrOXBibmRWVVVVMVZHcFBXVFZ5VFVkd1NVRRAB
169,527,ChIJg7W5elvpDF8R9DVrlDzLi0g,1,tatsu,2026-01-29T12:52:02.801Z,"最終的な仕上がり自体には特に不満はありません。

ただ、初回のカウンセリング時に、担当の先生から私の歯並びについて「砂利道のよう」と表現されたことがあり、少し配慮に欠けると感じました。
特に両顎矯正を予定しておらず、気にしていなかった部分でもあったため、その表現には違和感がありました。

両顎矯正の提案自体については問題ないと考えていますが、もう少し患者の気持ちに配慮した説明があれば、より安心して相談できたと思います。

結果として施術はお願いしましたが、これから検討される方は、複数の医院でカウンセリングや見積もりを比較した上で、納得できる医院を選ばれることをおすすめします",,Ci9DQUlRQUNvZENodHljRjlvT2psSUxYSlJSM0oxTlhOQlpFbHFiMDFxTmpGRVFsRRAB
170,527,ChIJg7W5elvpDF8R9DVrlDzLi0g,5,pirowacky,2026-01-29T09:31:46.396Z,歯の欠損があり噛み合わせも良くなかったのでインプラント治療をしていただきました。治療箇所が多かったので治療期間も長く遠方から通うのは大変な事もありましたが先生やスタッフの皆さんの対応がとても丁寧で安心して治療が受けられるので通院も苦ではありませんでした。２年ほど経過しましたが歯の状態は問題なく、現在は定期的にメンテナンスに通っていますがその都度丁寧にアドバイスしていただけるので安心してこれからも私の歯をお任せしたいと思います！,,Ci9DQUlRQUNvZENodHljRjlvT25aSFEzWTBMVVpxYW1aaFJURXRjM0JLVTFBeFFWRRAB
171,565,ChIJk7TTtSQoC18RTluoSkh2dhs,5,ららら〜らら,2026-01-30T03:03:45.724Z,"緊急時にも直ぐに見ていただけました。

歯の詰め物が取れてしまい、スケージュールが厳しい中、快く受けていただけました。

先生の診断・技術・説明・スピード、本当に素晴らしいです。

通い続けたい歯科に出会え本当に良かったです。

クレジットカードお支払い対応（一括）",,Ci9DQUlRQUNvZENodHljRjlvT2xkVlQyeExXR2hEUlZaT1dFZFpiWFZhZEZZeFNHYxAB
172,562,ChIJd3siH8nXCl8Rid-HC44ZN3g,1,Shiki (Shiki Byakko),2026-01-28T07:12:28.029Z,何も説明されていない間、勝手に歯が削られていた。,,ChZDSUhNMG9nS0VJQ0FnSURNc1BQWVdREAE
173,554,ChIJG-vvnGkpC18RQawWb65MaWs,5,橋本敏克,2026-01-30T00:24:44.386Z,,,Ci9DQUlRQUNvZENodHljRjlvT210amVtNHpja3B3WTBnMmRXOVNOa1pXTWtKdVgwRRAB
174,554,ChIJG-vvnGkpC18RQawWb65MaWs,5,ぐんちゃん,2026-01-29T10:06:25.958Z,"インプラントの治療をお願いして、車で3時間近くかけて通っています。治療は、すみましたが、メンテナンスで定期的に通ってます。受付の方もいつも笑顔で迎えてくれて、気持ちがいいです。勿論、衛生士さんも、話しやすくて、丁寧に治療してくれます。遠方なのを気にしてくれて、時には融通もきかせてくれて、本当に助かってます。
これからも、ずっと通い続ける歯医者さんです。",,Ci9DQUlRQUNvZENodHljRjlvT2tkTE9GOXFTelI0TVVSTmFHdE9VR3BaVFZGemFVRRAB
175,554,ChIJG-vvnGkpC18RQawWb65MaWs,5,T F,2026-01-27T06:33:23.426Z,,,Ci9DQUlRQUNvZENodHljRjlvT25aZllqVkdNVFJqZVRaZk1WOVpSMVJrT0RSdlRHYxAB
176,455,ChIJE-zmQCorC18RZaqWUNeFH94,5,Rika Ono,2026-01-26T04:45:42.789Z,"突然の歯の痛みに日曜日にやってる歯医者さんを探して伺いました
対応していただいた皆さんは、とても優しく癒されました。
お陰様で歯の痛みも治まりました。
本当にありがとうございました。",,Ci9DQUlRQUNvZENodHljRjlvT25CR1VIYzVSamh6ZVZvdFp6RTVhMnRGVlRCd1dsRRAB
177,581,ChIJkyOiVIYsC18RcJx7_MrHLIY,5,pokuzo,2026-01-29T02:29:13.506Z,とても丁寧な対応をしていただけます,,Ci9DQUlRQUNvZENodHljRjlvT2xsNGVVVklaMGRRWWxGNE1VOWxkSEJHYWt0SFNuYxAB
178,581,ChIJkyOiVIYsC18RcJx7_MrHLIY,5,m i,2026-01-28T22:13:33.145Z,"幼児連れての歯科通いは諦めていたのですが、急な痛みに耐えきれず電話して受け入れていただきました。子ども連れでも全然大丈夫ですよと明るくお声がけいただき、1歳の子が大泣きした時も全然気にならないよと言ってくださったり、スタッフの皆さんが抱っこやお散歩してくださり優しい対応をしてくださって、子連れで半年ほど通い続けています。とても感謝しています。
スタッフは皆さん優しく丁寧で、治療方針もカウンセリングを受けて決められて、毎回相談しやすい雰囲気で丁寧に治療していただいています。
私はいつも平日ですが、予約時間通り行くとほとんど待ち時間もなく、会計は少し待ちますが気にならない程度です。
ここにして良かったと思える歯医者さんです。お勧めです。

子連れで行かれる方へ
私は子どもを抱っこして治療を受けていました。座面が倒れる時は子どもが私に座っている状態で、手で支えて。動けないのでその時だけはスマホで動画見るのを解禁にして。（おもちゃではあまり時間持たず...）どうしても泣いてしまう時は、スタッフの皆さんに頼りきりですが、皆さんとても優しいです。
歯医者通い、諦めなくていいと思います。",,Ci9DQUlRQUNvZENodHljRjlvT21KRlEyeGxha1ZwV0ZvM1VHWTRTWEJvWjBaVFpsRRAB
179,655,ChIJXVhHlk0nC18RaqCkI69nlrI,5,はやしみなみ,2026-01-29T05:15:51.076Z,"麻酔の注射が痛くありませんでした。他院ではチクッとするのを我慢したりしていましたがいつ挿したのかも分からないくらいでした。
削る時も全く痛みは感じませんでした。これからも宜しくお願い致します。",,Ci9DQUlRQUNvZENodHljRjlvT25ablRuSkRaa2Q1WlRVNWJIQldhR1ZuY0VGTGNFRRAB
180,672,ChIJKc0LyaInC18RLwHFW12oixo,1,モリヤマタカト,2026-01-30T07:43:23.120Z,"先生の性格ひどいです。
従業員を物のように扱っています。",,Ci9DQUlRQUNvZENodHljRjlvT25ZeFptOVNTVkpDWTNjMlUxZ3lUMHBLUTJjekxXYxAB
181,576,ChIJAZC0zzYpC18RvNTPbCi6WxA,5,。ゆい,2026-01-21T00:31:19.625Z,ウエディングフォトのためにホワイトニングに行こうと思いました！1回目でも白くなったのがわかります。施術のやり方もわかりやすく指導してくださり安心して行うことができます！,,Ci9DQUlRQUNvZENodHljRjlvT2xWd01XWkJNMkV0Wm1kU1ZFVm5iSE5XTW5SQlozYxAB
182,576,ChIJAZC0zzYpC18RvNTPbCi6WxA,5,Viennetta,2026-01-21T00:19:09.926Z,痛みが無いのにどんどん白くなっていくのが実感できます,,Ci9DQUlRQUNvZENodHljRjlvT2xkbkxUUlpWa3BOUzFWTWVVSTNkelpxYUdsYVYwRRAB
183,699,ChIJQ5GQu68nC18RT6TueaJ-tZk,1,こ,2026-01-29T12:50:31.761Z,"インビザラインで通院していますが、治療が終わる時期が不明瞭で、歯の傾きを相談すると「最後には綺麗になるから大丈夫」と片付けられてしまいます。正直、真剣にカウンセリングしていただけたと感じたのは初回のみです。毎回の診察もほとんど5分足らずで、5,500円払う度に複雑な気持ちになります。

また、電話でしか予約が取れない体制に不便さを感じています。電話対応はかなり高圧的な印象が強く、正直かけたくありません。（最近は改善されているかと思いますが）

これから矯正を検討されている方は、複数比較の上で選択されることをお勧めします。私は近さだけで決めてとても後悔しています。。",,Ci9DQUlRQUNvZENodHljRjlvT2tnMVZFdHJaVzh4YjNwbmNWTm9iRFJaVkZCbFYzYxAB
184,586,ChIJEx37A2ErC18R-HBZ7z1plCA,3,ミヨウクチコ,2026-01-25T05:53:00.224Z,"15年前にこちらで根管治療をした歯の根の先が膿んでしまい、別の歯科医院で再治療しました。
気を絶するほど痛い治療だったので悔しいです。

次に見てもらった先生には、こんな大昔の詰め物を15年前に使っていたなんて信じられないと言われました。

先生のお人柄はよく、通いやすかったと記憶しています。",,Ci9DQUlRQUNvZENodHljRjlvT21Wa1Z6RmtSV0ZHU0MxRFNUZHFjM2R6ZWpscWRsRRAB
185,701,ChIJgWnSnS0rC18Rjb2rw-gAhR0,5,fue ki,2026-01-22T11:04:59.232Z,なるべく痛みを感じないように治療してくれる先生です。,,Ci9DQUlRQUNvZENodHljRjlvT210T1UyNU9TSE5LVDNGTU5HRkdXazlHVjBndGVuYxAB
186,677,ChIJMRuuf8onC18RccFgbYhqkf0,5,H K,2026-01-20T01:39:55.624Z,"最初は「ん？」って感じた（静かすぎて）けど、2回目からは、普通に良い感じ（静かな院内に慣れた）。他の口コミで、不親切ってあったけど、診療に真っ直ぐで、丁寧、親切だと感じました。色々歯医者に通ってきて、大体の歯科の先生ってコミリョクお化け👻みたいな人が多かった（本当にめっちゃイケイケ営業マンみたいな）けど、落ち着いていて、その分親しみやすさが、最初は感じないのかな？と。でも、2回、3回と通って、この病院で良かったなと思いました。（落ち着いていて安心できる）
2回目の時、抜歯だったんですが、麻酔の時、何故か音楽が流れるのがツボで、笑い堪えるのが大変で、ずっと手の甲をつねってました😂",,Ci9DQUlRQUNvZENodHljRjlvT2xSdlFsOUxWa3BNU1UxTVQzVjJUM2RtYjBrdE4xRRAB
187,588,ChIJlwSoXMrUdF8RL2kqmkG2Sh8,1,koro,2026-01-26T00:25:20.759Z,,,Ci9DQUlRQUNvZENodHljRjlvT21zM0xWVlBWbmxtZHpScE5HWlNhVEF6ZHkwdFpuYxAB
188,702,ChIJ5evtrTTVdF8R6piSdz93IZE,1,山,2026-01-26T03:00:01.549Z,"受付の女の人
早口で冷たい口調、高圧的な態度で最悪です
予約いつでも空いてると言うので〇日の〇時と言っても あ、その日は埋まってます ばかり。空いていないなら最初から〇日以降空いてる と言って欲しい。
NG と書かれた紙を渡された。
受付の人以外はみんないい人です",,Ci9DQUlRQUNvZENodHljRjlvT2s5WldHTmhUVWRsVVRobGNGcGxkMDR5UWw4eE0xRRAB
189,640,ChIJLWfruBMrC18RZ5gglgL_G-I,2,Meg N,2026-01-24T03:12:08.320Z,"丁寧だと思いますが、歯のクリーニングに月１回来院するのに、入れ歯製作に別枠で予約しなければならないのと、土曜日か平日休みのときしか行けないせいだと言われても、入れ歯製作に3ヶ月以上かかるのは以上では？
しかもこちらで作った前の入れ歯が数カ月で割れたのに。",,Ci9DQUlRQUNvZENodHljRjlvT2xRek5sQlJNbmRGV21KUGJVbHVlWGxhWW5KeU9XYxAB
190,762,ChIJMVAX5__1nl8ROSjhzuoeOEw,5,X Toshi,2026-01-30T07:27:34.834Z,​​‌‌​‌‌​‍​​‌‌‌​​​‍​​‌‌​​‌​‍​​‌‌​‌‌‌‍​​‌‌​​​​‍​‌‌​​‌​‌‍​​‌‌​‌​​‍​​‌‌​​​​‍​​‌‌​‌​‌‍​​‌‌​​​‌ホームページを見て利用しましたが、マウスピース矯正中は多少きゅうくつな感じで痛みがありました。それでもスタッフの対応が丁寧で安心でき、全体的に満足しています。,,Ci9DQUlRQUNvZENodHljRjlvT25CVk1WaEhVVGsyVVdreFppMXdOV0ZUYWtJNU5HYxAB
191,773,ChIJt0q-t5T0nl8RrCnuRO_560U,1,k sasaki,2026-01-27T07:35:09.759Z,受付の人がこわいです。,,Ci9DQUlRQUNvZENodHljRjlvT21WS1pYazVhR2x3T1RoYVNWTTBRVWxDVUU5d1lsRRAB
192,773,ChIJt0q-t5T0nl8RrCnuRO_560U,2,arichan,2026-01-27T07:34:06.469Z,,,ChdDSUhNMG9nS0VJQ0FnSUNyeHM3R21nRRAB
193,795,ChIJ6SZPRjb0nl8RwK4vOXMi0yQ,5,ゆーちゅーぶ,2026-01-21T06:26:03.497Z,"ここの歯科、ホントに痛くない
先生の腕がいい
説明も丁寧",,Ci9DQUlRQUNvZENodHljRjlvT21rMWRVWnVabGhsVTJseVYzbEdiVU5YY0d0b05IYxAB
194,896,ChIJtzZJ6F3lDF8RCpElz8VV3E0,1,ゆき,2026-01-30T12:06:01.422Z,"1年半で終わると言われた矯正、4年かかりましたし大して歯並び良くならなかったし
ちょくちょく知らせ無しに担当医変わるし
70万プラス税ですと言われて次回契約しましょうって1ヶ月後に来たらサラッと80万プラス税にされているし
毎月5500円払って通院したのに虫歯を見落とされ、虫歯治療で受診するとこれは手遅れなので銀歯か保険適用外しか無理ですと言われ
ひたすら最悪です
銀歯が取れたので他の歯医者につけ直しをお願いしたところ保険適用での白い詰め物を提案して頂きました
二度と行きません",,Ci9DQUlRQUNvZENodHljRjlvT2pWZmNWRjNkMGxLUkUxTlEwbERhbU5rZVd0RWIwRRAB
195,918,ChIJkdQekzXpDF8RPEDRMZqcpvc,5,中村けいご,2026-01-20T09:30:14.431Z,"最新設備と高い技術力、そして素晴らしいスタッフさんが揃う歯科医院です

長年通っていた歯科医院から、思い切ってたかはし歯科さんへ変えて本当に良かったです。

一番の驚きは、院長先生の技術の高さと、導入されている最新の医療機器です。 長年、疲れた時に歯茎が腫れたり、走った時の振動でズキズキ痛んだりする箇所があり、「もう抜いて入れ歯にするしかない」と諦めていました。しかし、最新の機器で精密に診査した上で、非常に丁寧な根管治療（神経の治療）を行ってくださり、抜かずに残していただくことができました。今では痛みも腫れも全くなく、歯が絶好調です！

治療に関しても、保険適用で白い被せ物を使ってくださるなど、患者の希望に寄り添った対応をしていただき、見た目も綺麗になって大変満足しています。

また、歯科衛生士さんの対応が本当に素晴らしいです。 3ヶ月に1回の定期検診では、どこが磨けていないかを細かくチェックし、正しい磨き方を驚くほど時間をかけて丁寧に教えてくれます。「予防歯科」の大切さを実感できるのは、衛生士さんの熱心なサポートのおかげです。

最新の医療と、先生・スタッフさんの温かい対応の両方を受けられる、心から信頼できるクリニックです。勇気を出して転院して本当に良かったです。",,Ci9DQUlRQUNvZENodHljRjlvT2tabVVUQllkV3REWDNNdGVXeHFUMlJGT1ZKeE1rRRAB
196,919,ChIJ9ZnbkxPkDF8RkbbjOUspEyE,3,後藤ん,2026-01-29T10:11:04.511Z,"治療は親切で対応も素晴らしいですが受付のとある1人の対応が悪いです。他の方も書かれている通りなのと
こちらを小馬鹿にしているように見える
印象を受けました。
他の受付の人は丁寧だと思います。
先生達の対応が良いのに比べ
そこだけ残念です。",,Ci9DQUlRQUNvZENodHljRjlvT205R2EwUndSRkpwYzBGcFYyNW9ja2R1T1MxRlpVRRAB
197,995,ChIJmVAKGAwWcl8R64vTaUe5llQ,2,藤本朝美,2026-01-21T00:30:11.929Z,"とにかく予約が取れません。
1、2ヶ月待ちは当たり前。
歯が欠けて急いでかかりたくても、1ヶ月待ちです、と言われました。
歯痛なんて前もって分かるわけでもないのに、急いでかかりたい方には向いていません。いつも随分先に予約を取らされるのは、急患のためにある程度枠を空けてあるのかと思ってましたが、違ったようです。
子供がかかっていますが、優しく声掛けして下さるし、個室なので下の子を連れて行きやすいのは良い点です。",,Ci9DQUlRQUNvZENodHljRjlvT2xSbVFXOXVVQzFUWDJjeFZrNUtlblJNTm1GUlVHYxAB
198,1024,ChIJ17cqFw4Wcl8RSh8do4aqvPw,1,midori midori,2026-01-26T07:49:14.144Z,,,Ci9DQUlRQUNvZENodHljRjlvT25aV2JWODVSVUpyTUUxdVZHVkZUbnBRUmxCU2JHYxAB
199,1172,ChIJKa5R37dLC18RvuhwBgU_NOM,5,杉村玲奈,2026-01-29T05:57:39.897Z,子連れでも見てもらえ、対応や処置、説明など丁寧に行ってくれました！,,Ci9DQUlRQUNvZENodHljRjlvT2sxeVltTktiekpGUVdObFNEQlZMVXhQYmtRNVRHYxAB
200,1172,ChIJKa5R37dLC18RvuhwBgU_NOM,5,Miha,2026-01-28T02:48:24.094Z,スタッフの方が大変親切で話もしやすく、安心してお任せできました。ホワイトニングは低料金で時間も説明通りに進んだので、通うのも苦になりませんでした。これからもこちらでメンテナンスしていきたいと思います。,,Ci9DQUlRQUNvZENodHljRjlvT2tKeGExQkNSRzFzZWtaRU1rSmtaWFY0WWpaR1oxRRAB
201,1137,ChIJOQeL_ARXbV8RL2DLVs7S2uk,2,中村和彦（かずぴょん）,2026-01-25T21:38:33.849Z,,,Ci9DQUlRQUNvZENodHljRjlvT2paS1ozZzBYMkZYV0VsVFp6QjJhVzV5TTJ4b1VrRRAB
202,1173,ChIJ-T5hHM5LC18RZLpf6VZBX8s,5,jps11mg,2026-01-30T03:55:12.624Z,"歯科治療といびき治療で通院しています。
院内はいつも清潔に保たれており、スタッフの皆さまのご対応も丁寧で、安心して通院できます。治療では新しい機器を用い、治療方法についても分かりやすくご説明頂けるため、不安なく受診できるところがとても良いです。
また、いびき治療は回数を重ねるごとに徐々に効果を実感しており、継続して受ける意欲につながっています。歯科検診でも定期通院しており、今後も引き続き利用していきたいです。",,Ci9DQUlRQUNvZENodHljRjlvT25WVVVWRkVlRVZuUVdGaGFYaG9hSGRxWW0xeE9GRRAB
203,1173,ChIJ-T5hHM5LC18RZLpf6VZBX8s,3,中林強,2026-01-25T22:49:09.990Z,４回目位からいびきの質が変化し、かいてはいるが数値は減少。,,Ci9DQUlRQUNvZENodHljRjlvT214ek1HNWtUbE5qWkUwNFJtWlpURGt6ZEU4d1EyYxAB
204,1173,ChIJ-T5hHM5LC18RZLpf6VZBX8s,4,市川ちー,2026-01-20T07:48:42.565Z,親切で痛くない治療してもらっているなと思います。ただ混んでるので時間がかかるのが残念です,,Ci9DQUlRQUNvZENodHljRjlvT25GSE5tUjNTRVZEYmxGWGRuVkVTMDlaVGpSWGNsRRAB
205,1154,ChIJiVhaphtXbV8RQuVFm9f2-0o,5,ぶー,2026-01-27T10:05:09.434Z,"子供が治療を受けさせて頂いたのですが最初、矯正に不安はありましたが先生のわかりやすい説明や治療後の画像など見せて頂き安心して治療に専念できました
スタッフの方も感じの良い方々でした
うちの子の場合、治療期間は思ってたより短く毎月の治療費も思ったほど高くはなかったです
見た目も変わりしっかり噛めるようになったので毎日のケアも大切にしたいと思います",,Ci9DQUlRQUNvZENodHljRjlvT21WVU9YUk1hSE0wZEdoMU4xSnVWMGh6YWxOV05IYxAB
206,1058,ChIJBzG-9xCZc18RFYeLvEBRaZw,5,ななしななし,2026-01-27T01:59:39.355Z,,,Ci9DQUlRQUNvZENodHljRjlvT201eFdFNDJTalZHVm1aV2FtcHhWSGhLYjB4MGVsRRAB
207,1108,ChIJCwFDJqufc18R2uKum0KCi9E,5,まるまま,2026-01-27T01:33:09.462Z,"高齢の母がお世話になっています。
受付の方を含めてとても親切です。
体も不自由なため、臨機応変に対応してくださり本当にありがたいです。",,Ci9DQUlRQUNvZENodHljRjlvT21FNGVuVmtWVFZFWWxNM2FsZzVTRnBJZFRoQlRFRRAB
208,1199,ChIJj76wcdZLC18R0M2OD4VYvZE,4,石村儀信,2026-01-30T09:34:09.742Z,,,Ci9DQUlRQUNvZENodHljRjlvT2xabVp6UXdhRGgwT1dKQk1XeEVUblZvWDI4d1RuYxAB
209,1263,ChIJrYqoA6sQdV8Rm8ayjwjw1J0,1,せこせこ,2026-01-24T16:11:45.473Z,"約1年前にこちらの歯医者で虫歯治療したのですが、その当時に相応酷い事を言われてその時は口コミに書く事は辞めたのですが最近知り合いの歯医者に勤めている方にこの話をした所絶対口コミに書いた方がいいと言われたので書きます。
虫歯でこちらの歯医者に行きました。初日は観るだけで次回削ったりする話になりました。予約が1週間後だったのですが、自宅で歯痛が凄く本当に死にそうな位の痛みで救急車を呼び大きな病院で治療してもらいました。後日予約日にこちらにきたら先生から治療されてるけどどうしたの？って聞かれたので痛みやばすぎたので救急車呼んで治療してもらいました。というとこんなんで救急車呼ばない方がいいよとふざけたことを言われました。その時の怒りは今でも忘れてません。こっちは死ぬほど辛くて救急車呼んだのに、呼ぶな？まじで先生としてそれは言ってはいけないんでは？その後治療して詰めてもらった銀歯が2日目で取れました。詰め物も5日目で取れて別の歯医者で詰め直してもらいました。もうここには2度と行きません！皆さんも先生の発言には気をつけて下さい！",,Ci9DQUlRQUNvZENodHljRjlvT2tOcE4yUlpSRFZXVFZvMk9YVlpiMGRGU1hBMFkwRRAB
210,1244,ChIJj6Qs7KoWdV8RcYb278fboMw,3,Naka Pi,2026-01-28T17:13:29.404Z,"混んでて予約しても待つ時が多い
定期検診で検査してくれる人が雑で痛かった",,Ci9DQUlRQUNvZENodHljRjlvT21oQldXdFNPSGxqUzBKdVJ6QmhTSGR1TmtWTGNVRRAB
211,1302,ChIJ9c5BCrokEF8Rw7uKlfggjSI,1,とし彦,2026-01-26T13:56:20.718Z,行かなきゃよかった。説明も意味不明で歯を抜かれた。変わり者な先生です。,,Ci9DQUlRQUNvZENodHljRjlvT2xCMFVWTjJkbE00WTFGeGVFbEZVamhuVlV0WldrRRAB
212,1317,ChIJE6ukiXlaC18R46I0ItFXelw,2,ワンダーランド黒猫とシャム猫,2026-01-21T11:24:23.347Z,,,Ci9DQUlRQUNvZENodHljRjlvT2xReFdXRldTVXN3WWt4RU1WaHhUMHA0VTFZNVNGRRAB
213,1242,ChIJ7_x9Z88QdV8R1eOCdTHnD58,5,古川菜々香,2026-01-26T03:44:08.593Z,ずっと始めたいと思っていたホワイトニングをメンテナンスや歯のクリーニングと一緒に行えてとても満足でした。院長さんやスタッフの皆様も丁寧に優しく対応して頂き、気持ちよく通うことが出来ました。ありがとうございます。これからもお世話になりたいと思います！,,Ci9DQUlRQUNvZENodHljRjlvT2xkZlRFRkhlRTkwU1ZOUVdXMUNjMmx3T0MxcFNHYxAB
214,1282,ChIJj3WCJ3MUdV8RE8PZ1eNzTTM,5,レモン唐辛子,2026-01-30T05:46:50.482Z,"きっちり治療してくれます。
上手ですよ",,Ci9DQUlRQUNvZENodHljRjlvT2poc1dUZElUMXByUW5oeWNUbDBRbE5vVHpKU2JrRRAB
215,1282,ChIJj3WCJ3MUdV8RE8PZ1eNzTTM,4,平野博幸,2026-01-21T23:56:23.516Z,昔良く通院していて久しぶりに予約入れようと電話したら出なかったので家が近くなので直接行ったら医院長がお亡くなりになり休業になってました。営業再開予定の目処はまだたってないらしいです。対応が良い歯医者だったのでとても残念です,,Ci9DQUlRQUNvZENodHljRjlvT21kb1RqTjFVWFpXY201dmNHbDRWVzloTWs5WWMwRRAB
216,1361,ChIJh1acIAkyC18Rmw9UAnXaIRM,5,大久保好浩,2026-01-26T03:59:08.771Z,いつもありがとうございます！,,Ci9DQUlRQUNvZENodHljRjlvT25Vd1pqWkpVazUxV0c1WGVGZGpTM2RmU25nNVMxRRAB
217,1361,ChIJh1acIAkyC18Rmw9UAnXaIRM,5,モッツ,2026-01-23T07:53:35.422Z,"ホワイトニングでこちらを利用しています。
まず受付の対応から他の病院と違います。
患者さんの顔と名前を覚えていてまるでホテルのような親切丁寧な対応で正直他の歯医者さんにはマネ出来ないと思います。
先生や歯科助手さんも皆清潔感があり感じが悪い人が1人もいません。
あんまり褒め過ぎるとステマみたいになるので欠点を書きたくて考えましたが見当たりません。
5歳の子どもを連れて行った時も子どもの話や遊びに付き合ってくれたので安心して通院できます。
これからもお世話になります。",,Ci9DQUlRQUNvZENodHljRjlvT214blFtSm5ZVXh6ZEVNMlZrdzBXRGxhU2tFNGVrRRAB
218,1443,ChIJg6QDVPjTbV8R2GEEWKiqmRY,1,ちぃ,2026-01-30T01:31:10.553Z,"義歯の治療を頼むと必要ない写真とレントゲンを撮り、歯の磨き残しチェックと歯垢取りで約1時間、料金約4000円。
次は前回の残りの歯を清掃など頼んでいないことを色々やられ、結局3回通い高額な料金を払うことになりました。先生はタメ口で態度も偉そうです。
根室市内1軒、関東3軒で同じ治療をしたことありますが、どこも治療約5分で料金は800円位です。",,ChZDSUhNMG9nS0VJQ0FnSUNEekxiNGVnEAE
219,1443,ChIJg6QDVPjTbV8R2GEEWKiqmRY,1,とも,2026-01-27T10:53:18.049Z,,,Ci9DQUlRQUNvZENodHljRjlvT2pkUVNYWTJjRXhhZVRSTk5XWjJOR05MWlhGVk9WRRAB
220,1455,ChIJsW1YV67YdF8RGL0cftC9-Sg,5,camelトイプー,2026-01-21T13:28:09.652Z,10年以上前につけた差し歯が突然取れてしまい、大慌てで診てもらえる歯科医院を探しました。他の歯科は「本日は予約でいっぱいで…」という医院が多い中で「急患枠を設けているのでこの時間に来てください」と丁寧に案内していただき、予約もしていなかったですがほとんど待ち時間もなく、10分ほどで歯を差し込んでくださいました！急な事だったので、本当にありがたかったです。周りの方にも早速勧めています！,,Ci9DQUlRQUNvZENodHljRjlvT21KaFJqTjFXRk5WZGtWdlQyZENORGxwYW5VeFMxRRAB
221,1502,ChIJn16WFRnYdF8RYBa7dlUmCb4,5,REGZA “JEDI”,2026-01-20T23:56:35.034Z,丁寧な診療で、信頼が持てます。,,Ci9DQUlRQUNvZENodHljRjlvT2pSMlgweEZVV3d4ZW1oaFJXVlNjVFI2TUd0d05sRRAB
222,1559,ChIJC4yF7GCSDF8RWWrh_rRkMhQ,3,萬富美子,2026-01-26T04:50:07.920Z,,,Ci9DQUlRQUNvZENodHljRjlvT2xoU2REa3pObkJCUTFsMWIyTmxXRFpCWXpsRmRWRRAB
223,1453,ChIJf05d9VPfdF8RbpsjaknQDck,5,岩崎克哉,2026-01-28T01:51:09.876Z,"対応がとても良かった
ここで詰めた詰め物が割れた時に無料で対応してくれた",,Ci9DQUlRQUNvZENodHljRjlvT2tOaGMzZFFVRGcwVFhSa1ltVlVjM1ZmUWtNMFowRRAB
224,1564,ChIJYclyV5CTDF8RPuJsP0PXwoQ,1,Shi Shi,2026-01-26T01:01:12.655Z,"初診で虫歯を治療してもらいたかったのですが保険診療だと5月まで空きがないそうです。
自費診療でお金の制限なく検査してもいいなら来月に見てもらえるとのことでした。",,Ci9DQUlRQUNvZENodHljRjlvT25CUlpGQTRXRGxZVjNaNmFrcDRTSFo2VGt0eVFuYxAB
225,1463,ChIJQ40avX8ndV8RoFdv3Bw3cfU,1,まみちゃん,2026-01-27T00:52:59.035Z,"自由が丘歯科の時に20年以上お世話になり、今回自由が丘クリニックと名前を変えて新しい先生になってから初めて受診しました。

入れ歯の調整をしたのですが、2日後にははまらなくなり、日曜日と定休日(月曜日)で直せませんでした。電話をしたので着信履歴から火曜日にわざわざ先生よりお電話を頂いたのですが、指定された時間は他の病院と重なっているため行けない事を伝えると、完全予約制なので予約のない時間にしか見れないと言います。
入れ歯がはまらなければ、キチンと噛む事が出来ないので、それを訴えても完全予約制なので！の返答。

口論の末に先生に「そういう言い方ってないんじゃないですか？」と訴えると「合いませんね。他の病院に行って下さい」
呆れました。
こんな人がいるのかと。

こんな状況でも完全予約制という病院は、良い病院と言えるのでしょうか？
完全予約制であっても患者に寄り添う態度はみせて欲しいものです。
誠意が全く感じられませんでした。

普段　口コミは見ても書く事はありませんでしたが、あまりの先生の態度に激怒して書かせて頂きました。2026.1.27",,Ci9DQUlRQUNvZENodHljRjlvT2xwZlRubFVZMjE1UTAxT1dIVkVVa3hhTTFaTFExRRAB
226,1475,ChIJ1djRv1bfdF8RtJi5EadIyL0,1,衣更しゅか,2026-01-27T00:23:08.705Z,ほんとにおすすめしません。お菓子をお友達からよくいただき消費していたのですが、チョコとグミを食べたときに奥歯がしみて心配になりこちらを受診しました。虫歯が見当たらず知覚過敏だと言われました。なんだとホッとしたところ院長の方から「痛いなら食べなきゃいいんじゃないですか？w」みたいな自分の職務を放棄するような発言。もっと別の言い方があるんじゃないでしょうか？控えた方がいいですよみたいな。治療開始していきますと言われ当然のごとく歯磨き指導から。歯磨きが下手くそでよく磨けてない自覚はありますが大事な休日に歯磨き指導のみやりに歯医者に行くほど暇ではありません。歯磨き指導プラスなにか治療するなら分かりますが...     歯磨き指導のみで2000円ほど取られるし、院長は愛想悪く食べなきゃ良いなど歯医者の仕事をやりたくなさそうなのでこの歯医者はおすすめできません。,,Ci9DQUlRQUNvZENodHljRjlvT2pCMVZqaHJkMnBCZVhKVE5GbHNPVU5YTkRkMmRrRRAB
227,1488,ChIJncMfCwbYdF8RwHcY8VvsIm0,4,すろっかす,2026-01-20T23:02:41.935Z,"いつもお世話になっております。
処置の方法などは動画で解説して貰えますし安心して治療を受けられると思います。
他のレビューにある詰め物が取れたなど私は一度もありませんので安心して通ってます。",,Ci9DQUlRQUNvZENodHljRjlvT2xSS1F6QnZWRFY2UkRGRlpGZHVRa1pTYUZCWlZuYxAB
228,1461,ChIJh2OF8ZrYdF8RwzdG3CcPvtI,2,Hide Kura,2026-01-20T02:30:16.533Z,医院長は良いが、受付のスタッフの態度が、相変わらず悪い👎愛想良くしてほしいもんだ,,ChZDSUhNMG9nS0VJQ0FnTUNZaFppdE53EAE
229,1705,ChIJ3-3HIqXVdF8Rh-Of4p1N9uc,1,coco,2026-01-26T01:50:54.996Z,"受付の人、電話対応ひどい
絶対行かないです
ストレスたまりますもんね
気持ちはわかるけど、世界はあなたを中心に回ってるわけではありませんよ
初心を忘れないでください",,Ci9DQUlRQUNvZENodHljRjlvT2t0cFJITnZlRXByTVV4dGNGQlNkRzA1U1d0eVptYxAB
230,1702,ChIJB3T28BLVdF8Rl8Xs6WbdMHo,4,ゆゆyuyu,2026-01-26T14:36:26.520Z,,,Ci9DQUlRQUNvZENodHljRjlvT21NeFJVRkpWRTFaTVVOeE1UWk5ia3h3WDBkWU4xRRAB
231,1699,ChIJKZTTGKHVdF8R_Ic4MKSYyYk,1,宮下利恵,2026-01-21T03:06:09.810Z,"子ども矯正歯科、ホワイトニング希望の方は、こちらをご利用ください。
歯医者さんで治療したい方は、こちらは不向きです。",,ChZDSUhNMG9nS0VJQ0FnSURVOGY2dFp3EAE
232,1715,ChIJWyozGQvUdF8RC0Sft1v4Am0,1,YN,2026-01-24T01:50:39.008Z,"絶対にお勧めしたくない歯医者です。私は今までに５～６件の歯医者を経験していますが、この医者ほど不満と不快感及び不信感を感じ続けたところはありません。患者の声に耳を傾けず、極めて独善的かつ高圧的。治療も乱暴で粗雑。態度も物言いも無礼。いいところなしです。
待合室に、北大の大学院で取得した博士号の学位授与賞が掲げられています。４０歳を過ぎてやっと取得した博士号です。出身大学自体は三流校なのでしょうね。学歴コンプレックスのある三流大学出身者が箔をつけるためだけに必死になって国立大学で学位を取るというありがちなパターンです。日本の博士号取得の難易度は医歯学系が一番ハードルが低いと言われていますが、それにしても北大よ、ハードル下げ過ぎじゃないのと言いたいです。町医者に博士号は不要です。患者に向き合う姿勢が大切です。
不満等は数え挙げたらきりがないのですが、少し挙げときます。まず、この歯医者は噛み合わせの調整に興味がないみたいです。普通の歯医者さんは、歯に被せものをしたりした場合、噛み合わせの微調整を丁寧にやってくれるのですが、コイツは、ｶﾞｰｶﾞｰと削ってろくに微調整をせず、「様子を見てください」と言ってそのまま。おかげで私は次の通院日までに何度も頬の内側を噛み、口の中が血まみれになりました。それを訴えるとまたｶﾞｰｶﾞｰ乱暴に削って、今度は歯が沁みる沁みる。もう勘弁してよという感じです。
それと、レントゲンやＣＴをやたらと撮りたがります。私は１年半の治療中に５回ぐらい撮られたと思います。治療後に３か月毎に歯石取りに通っていたのですが、年一で検査と称してレントゲンを撮ります。かなり異常と感じます。投じた設備費の回収のため？と思えなくもないです。
５か月前に詰め物が取れ虫歯もあるということでまたｶﾞｰｶﾞｰ削られ治療を受けたのですが、そこが治療を受けたその日からズーと沁みています。それを訴えても沁みているところを診ようともせず、それはあなたの歯を噛む力が強いからだと言って、全く聞く耳を持ちません。治療当日から沁みているのにこの説明は全く説得力がないですよね。もし嚙む力が強いとしたら、オマエのせいで嚙み合わせが悪くなっているからだと言ってやりたいです。
他の歯医者で噛み合わせも沁みるところも直してもらうことにしました。
最後に歯科衛生士さん等スタッフの皆さんには丁寧に対応していただき不満はありません。感謝しています。ありがとうございました。
最後の最後にもう一度、この歯医者には絶対に行ってはいけません。かなりヤバイです。
以上",,Ci9DQUlRQUNvZENodHljRjlvT2pVNWRqQXpkMnRRWTBGMk1WWkhWV1ZIUXkxTWJYYxAB
233,2400,ChIJKUlVYqv3nl8RapsKm_r1oeo,5,まりな高山,2026-01-28T04:59:36.159Z,,,Ci9DQUlRQUNvZENodHljRjlvT214U2RtZEJZWHBCUjI1R2RXb3lUbmRuUjJscVoxRRAB
234,2496,ChIJE3gu5dWec18RLJyL0D_-r7k,5,つじ,2026-01-27T03:02:35.305Z,いつもインプラントなどのメンテナンスでお世話になっております。対応も良く親切です。,,Ci9DQUlRQUNvZENodHljRjlvT2xWU1NtSjRjV05uVUU5RVJtWmhXVW81U2taME1XYxAB
235,2496,ChIJE3gu5dWec18RLJyL0D_-r7k,5,switch _Okuto,2026-01-27T02:49:55.378Z,安心して通える歯医者さんです。担当の先生も優しくて何でも相談できます！,,Ci9DQUlRQUNvZENodHljRjlvT21Sc00xUlpaRzFJZEdSa1JUbG5ja3RWTUZGNE1YYxAB
236,2496,ChIJE3gu5dWec18RLJyL0D_-r7k,5,オッチン,2026-01-27T01:10:54.898Z,"インプラント治療していただきそのまま定期検診でもお世話になってます。
インプラントの事は分からないことだらけでしたが細かく説明していただき治療も丁寧でよかったです。痛みが出た時には急患で優しく対応していただきありがたいです、今後も通い続けたいと思います。",,Ci9DQUlRQUNvZENodHljRjlvT25VMFZUQlhiemRQVEhsa1NYUnBZVEpyY21Sc2RuYxAB
237,2496,ChIJE3gu5dWec18RLJyL0D_-r7k,5,chiho,2026-01-26T03:23:52.087Z,15年程、院長竹田先生には顎関節症などで大変お世話になっています。先生、スタッフさん皆様、優しく対応も素晴らしく、いつ来院してもリラックスして受診出来ます。これからもよろしくお願い致します。,,Ci9DQUlRQUNvZENodHljRjlvT2tSQlFtdFZZVGhhZGw5cWJuTXhPRjlsTURkNGJXYxAB
238,2496,ChIJE3gu5dWec18RLJyL0D_-r7k,5,野口俊之,2026-01-26T00:42:56.842Z,"インプラントは凄く調子が良いです。
インプラントはオススメです。
院内も清潔です。
先生もスタッフの皆さんも凄く丁寧で、優しく最高です。(ᐢᴖ ·̫ ᴖᐢ)👍🏻",,Ci9DQUlRQUNvZENodHljRjlvT2pCbWJYVmhZek5oV1ZGc01YcDVkMDlCTkVVdFgxRRAB
239,2496,ChIJE3gu5dWec18RLJyL0D_-r7k,5,TOSHIO NAKAMURA,2026-01-23T06:20:59.623Z,竹田歯科さんには家族皆んなお世話になってます。いつも親切丁寧な対応で安心してます。インプラント術後も快適に生活してます。本当にありがとうございます。😍,,Ci9DQUlRQUNvZENodHljRjlvT25veFNuUm9XalJwUmtsaFkzcFRPRzVrYm5GT1gwRRAB
240,2496,ChIJE3gu5dWec18RLJyL0D_-r7k,5,Y N,2026-01-21T02:58:37.156Z,"こちらで、インプラントを施術してもらいました。
細かい説明をしてもらい、施術中も沢山声をかけてもらい、安心しました。
その後のケアも定期的に行ってもらって、
状態も良好です。
親切な方ばかりで、とても感謝しております。",,Ci9DQUlRQUNvZENodHljRjlvT21ObU5rWmtZbmh6WVdOek5DMTZiMlZaZDJGWE4xRRAB
241,2496,ChIJE3gu5dWec18RLJyL0D_-r7k,5,高澤友絵,2026-01-20T08:14:23.070Z,"子供の頃からいろいろな歯医者さんにかかりましたが、竹田歯科は、この先死ぬまでお世話になろうと思える歯医者さんです。院長先生の腕前も素晴らしいと思うし、何より親身になって相談にのってくれたり、いつも名前を呼んで話しかけてくださるのが安心です。スタッフの皆さんも笑顔が素敵で優しいです。特に、インプラントを悩んだ時に、「私たちが(インプラント)をだめにはしません！」とはっきりと言ってくださったことが、手術の決め手となりましたし、ご指導を仰ごうと思えました。
おすすめの歯医者さんです。ただ、やはり人気が高いのか、予約がとりづらいのが少し悩みです。",,Ci9DQUlRQUNvZENodHljRjlvT2xKelYzcDBOblJhZVRkelpGWk1kREpsUTFoNGFHYxAB
242,2496,ChIJE3gu5dWec18RLJyL0D_-r7k,5,めぐみん,2026-01-20T05:01:27.708Z,"インプラントを入れてから、
しっかり噛めるようになり
定期検診もあり、院長もスタッフさんも
みなさん親切で　通いやすく
いつもお世話になっている歯医者さんです🦷
院長は若いので自分が歳を取っていっても
歯医者さんも代えずにいけるかなと
思ってます🎵",,Ci9DQUlRQUNvZENodHljRjlvT2xscE1FZElUSEp3UzBoc1ptWkplVUpOUjJOWGVWRRAB
243,2496,ChIJE3gu5dWec18RLJyL0D_-r7k,5,丹羽直美,2026-01-20T01:35:39.750Z,初めてインプラントしました。技術は最高ですが、先生もスタッフさんも親切丁寧で素晴らしいです。食べ物も噛みやすく歯が、こんなに大切だと改めて思いました。インプラントはおすすめします。ずっと通い続けたい歯科医院です。,,Ci9DQUlRQUNvZENodHljRjlvT210NVRFbzNaMG93Wnpaak9HdGFZVkp6V0dwQmQwRRAB
244,3515,ChIJW9jA66rDDF8Rom-9Fjv07l4,1,motokazu morikawa,2026-01-28T01:43:49.011Z,"今現在、閉院してます。
再開のメドは
未だ無さそうです。",,Ci9DQUlRQUNvZENodHljRjlvT2tscWJYUXdaVkE1WWtaT1dHTkhhR1Z4Y21OS1pFRRAB
245,4300,ChIJgT-Mk-fKdV8R2nUhxufoDi4,5,家,2026-01-23T07:08:01.690Z,"電話対応悪すぎ！なんか電話してごめんなさい。ってぐらい不機嫌でした。
良い歯医者なのに電話対応が悪くて評判落ちるのがもったいないです。",,Ci9DQUlRQUNvZENodHljRjlvT2xsb1oyMW5iMlpsUkVoQ1NuRlZUV3hRTVdWMFNYYxAB
246,3962,ChIJ8aU4ddOmEl8R2LphhidM1cY,3,prtk waji,2026-01-23T01:57:36.598Z,丁寧だし、仕事終わりでも受診できます。反面、予約が取れないので治療にかなり時間がかかります。（詰め物をした状態で次の予約が2、3週間後とかもあります）一度通うといつ終わるのか不明な点で⭐︎3にしました。,,Ci9DQUlRQUNvZENodHljRjlvT21KR1JqbDFhSFpLZFZkS04ydFRjR0ZuV2trNFZXYxAB
247,4454,ChIJG1UdeUqZc18R6avLkL5F4Ho,5,さんm,2026-01-22T07:37:02.243Z,,,Ci9DQUlRQUNvZENodHljRjlvT200d01rNVliUzF4WTJwM05UQjRkMmxQYkVkbVVVRRAB
248,4454,ChIJG1UdeUqZc18R6avLkL5F4Ho,5,wan nyan,2026-01-22T07:28:53.107Z,,,Ci9DQUlRQUNvZENodHljRjlvT2xCdFVHTlZiRFJZZG1kSFgyRnVTelp1U0ZKd2FGRRAB
249,4447,ChIJyZ6xv2WZc18RJSkpqCzOfAA,1,Masaaki Hemmi,2026-01-25T15:11:19.894Z,"ここの歯医者最低。なんで上から目線で来るかなぁ。虫歯1個治せない。上からの言葉多すぎ。あなたねーって。ちゃんと医療治療を勉強しましょうね。
現在の医療治療のあり方（これ普通）治療受ける人度のほかの人にも説明する（治療内容を聞きたいです→なんであんたに話さなきゃいけない）
それもできないところです。",,Ci9DQUlRQUNvZENodHljRjlvT2tjMWQyZG9iMnBFYlVwaWEzRkpabXRPV25Gd01IYxAB
250,4447,ChIJyZ6xv2WZc18RJSkpqCzOfAA,1,まちゃあちゃ,2026-01-25T11:19:38.338Z,"歯も直せない医者はいらない。今見たらここの歯医者の評価やばすぎ
こんな医者は再教育上から目線で治療の理由すら説明できない。
こんな先生は再教育しなければいけない。もっと患者とその家族に寄り添っていく医者でなけば誰もついていかない。普通であれば治療している家族にも説明責任があるが言い訳ばっかりで笑えた。",,Ci9DQUlRQUNvZENodHljRjlvT25sdU9UTkhkek00U1dNdFdIRjNWMk5ZT0VGbU1GRRAB
251,4735,ChIJhbDAQgb1c18RJ1iYoc4QfAs,1,wow sos,2026-01-25T19:22:32.181Z,,,Ci9DQUlRQUNvZENodHljRjlvT2xGNVNHRkNTalJQWWpablVrTnVTbUZ5ZUZCWWNVRRAB
252,28232,ChIJbSAZ9O8pC18RVSEkXHoz0TQ,1,YUKO,2026-01-24T15:12:03.955Z,,,Ci9DQUlRQUNvZENodHljRjlvT21kTE1VWndUWEpyVFZaa1JVOURhVUZUVUV4cU9GRRAB
253,5231,ChIJrRraQRnTbV8Rx0Hq_b_Rekc,2,松本綾,2026-01-23T03:15:52.839Z,,,Ci9DQUlRQUNvZENodHljRjlvT2sxMVJXOXFRbEJqU1Y4eE1FcDBNVlUzYVZOZlMyYxAB
254,28235,ChIJeaJ_w_QpC18RdNumg4IhFOA,5,齋藤友,2026-01-30T07:38:34.059Z,,,Ci9DQUlRQUNvZENodHljRjlvT214cllXcFBXRGwwZEVwVFF6WkNVRVZCU0dwTVowRRAB
255,28235,ChIJeaJ_w_QpC18RdNumg4IhFOA,5,そうまんことえ,2026-01-30T00:33:45.425Z,"はやく丁寧で予約もすぐとれるからすごくいいです！
友達にも進めてます！！",,Ci9DQUlRQUNvZENodHljRjlvT2kxdVkyVXhPRXN5Vm1kcmJYTmlObUpuVEZWTlVIYxAB
256,28235,ChIJeaJ_w_QpC18RdNumg4IhFOA,5,ああ,2026-01-22T01:07:50.905Z,,,Ci9DQUlRQUNvZENodHljRjlvT2tSblgxTTNaekJLZFRBMmMySm9lamgzVW1kNlZsRRAB
257,28235,ChIJeaJ_w_QpC18RdNumg4IhFOA,5,り,2026-01-20T06:27:46.067Z,"歯石取りで受診しました
幼少期から歯科医院が苦手でしたが医院の雰囲気もあり安心して治療を受けられました。
治療方針も最初に分かりやすく説明して頂き、希望通りの治療をして頂けました。
先生、スタッフの皆様とても明るく優しく接して頂き、信頼できる先生方だと思います

建物裏に駐車スペースもあり通院もしやすそうでした

また何かあればこちらにお世話になりたいと思います",,Ci9DQUlRQUNvZENodHljRjlvT2pWRmJFOVplVXR2UTBwdmVEWm5VakpJVVVkRFZuYxAB
258,31692,ChIJYYLfTmgqC18R4OAP27irk6E,1,春菜,2026-01-25T12:31:57.937Z,"⭐（1）

下の奥歯の治療で通院しました。
隣の歯に根尖病巣があり、その影響で麻酔が効きにくいのではないかと相談しましたが、「絶対に関係ない」と強く否定されました。

実際には麻酔がほとんど効かず、仮封を外すだけでも強い痛みがありました。
その結果、「この状態では治療できない」と言われ、麻酔だけして帰る形になりました。

痛みに対する配慮や、治療の進め方についての説明が不十分で、不信感が残りました。
同じように麻酔が効きにくい方や、不安がある方にはおすすめできません。",,Ci9DQUlRQUNvZENodHljRjlvT201TVFXd3dUWFJmUWtKQlZFVTNaalJST1RGdWFuYxAB
259,35357,ChIJY5jos3joDF8RhTLhnIcvqHA,5,まつやな,2026-01-28T14:05:14.189Z,何度かお世話になっていますが先生も受付の方もテキパキとわかりやすくて丁寧に対応してくれるので安心できます。他所では何度も通わなくてはならないことがあったりしましたがパール歯科さんはそんな事もなく最低限の通院でしっかりと治療してくれるので信頼しています。歯の悩みはまずこちらに相談したいと思える歯医者さんです。,,Ci9DQUlRQUNvZENodHljRjlvT25WUWFEZGlaRFIwTkc1cFdHOW9aMWhIZUZkVlNsRRAB
260,35482,ChIJ16QMHgApC18RTqQEvQknes4,5,m m,2026-01-24T23:04:15.483Z,,,Ci9DQUlRQUNvZENodHljRjlvT2xwR1pqaHhlR1V5V1hWSlNuRm1Va1pYUm5SU1QxRRAB
261,35484,ChIJ1ysQPnMpC18Ro8A-io2-rL0,5,Exp Hamanasu,2026-01-28T08:50:30.339Z,いつも優しく丁寧にアドバイスをくれるので助かります,,Ci9DQUlRQUNvZENodHljRjlvT2pkVGRGUkNTa05IWm1kVk5EY3lhbTlwZFdoU05rRRAB
262,35484,ChIJ1ysQPnMpC18Ro8A-io2-rL0,5,畠山晴子,2026-01-28T06:01:40.193Z,"とっても丁寧にして頂いております。
磨き残しを心配してましたが、ブラッシングのアドバイスを頂き次回は頑張って磨き残しないようにしたいです！
ホワイトニングも綺麗になり嬉しかったです。いつも、ありがとうございます。",,Ci9DQUlRQUNvZENodHljRjlvT2xWM2FYa3hjSEkyUW1RM1JTMXlNVGN0TkZwb1FtYxAB
263,35484,ChIJ1ysQPnMpC18Ro8A-io2-rL0,5,金田龍一,2026-01-27T01:17:12.836Z,いつも丁寧な対応をして頂きありがとうございます。,,Ci9DQUlRQUNvZENodHljRjlvT2t0UmFHNXlkVFJmVHpGaFVsQjZOWGQzTkRKdFNVRRAB
264,35429,ChIJ_bYFH6rmDF8R_PdiKdI6AzA,5,k nakagawa_,2026-01-23T10:19:31.694Z,"他院で治療を完治して、歯垢を取る日を予約してました。急に歯が痛みだして、予定日に治療をお願いしたところ時間がないと断られました。そんな私を救ってくれたのが当院でした。
（その日の電話で断られたの3件でした）
急なことで断るのが普通なのかも。
でもドラマのような、本物の医者に会った！",,Ci9DQUlRQUNvZENodHljRjlvT21GM2RVWnpSVm90Y2tSVldUaE9SWEF3VG05SFUyYxAB
265,35492,ChIJEVmxLIcpC18Rje_8ty5tNAs,4,ws,2026-01-30T02:21:34.872Z,,,Ci9DQUlRQUNvZENodHljRjlvT2xaNFYxRlVhRlUwTTJWNWExQmZPRGd4YWtoV1ZVRRAB
266,35492,ChIJEVmxLIcpC18Rje_8ty5tNAs,1,aya,2026-01-22T14:44:53.907Z,"髪の長い茶髪の歯科衛生士さん？歯科助手さん？にやってもらったときに最初から友達感覚で敬語が使えないのかタメ口で説明してくるので見下された様な言い方で説明されてすごく不快感でしかなかったです。
混んでいて仕方ないところもあるが待ち時間はかなり出る上お待たせしておりますの一言もなければ予約の取り違いなのかそちらの手違いでずらしたのにも関わらず医者も受付の方からも謝罪がないのはがっかりしました。
その分別の衛生士さんが低姿勢で謝罪してくれたのは好印象でした。
矯正も歯並び良くなってメリットがあるのはわかりますが今は別にいいと望んでいるわけではないのに強引に矯正の先生連れてきて見させてくるのもかなり謎です。
仕事の都合上、土曜日しか行けないためすごくありがたい反面、接客があまりいい印象ではなかったため星1とさせて頂きます。",,Ci9DQUlRQUNvZENodHljRjlvT2sxU1IwMUhVRFJ4VFdsUmVWSkVhM0psTldVNExVRRAB
267,35499,ChIJGcNdg7IpC18RO-Xz0CzFImY,5,伊藤天寧,2026-01-29T08:46:26.267Z,,,Ci9DQUlRQUNvZENodHljRjlvT2xCYU1sWTRTMGR2WVhkb2JGSnFObXhyVFZsalpVRRAB
268,35499,ChIJGcNdg7IpC18RO-Xz0CzFImY,5,mii,2026-01-27T06:46:50.532Z,通院して3年弱になりますが、医師も歯科衛生士もとても優しく対応してくれます。マウスピースは継続中で、3ヶ月に１回クリーニングしていただいてます。とてもいい歯医者さんだとおもいます。,,Ci9DQUlRQUNvZENodHljRjlvT25ObGFrTnNiRnBmYTFSdVNraHdZVUpQWmxKdldXYxAB
269,35499,ChIJGcNdg7IpC18RO-Xz0CzFImY,5,teddy haru_,2026-01-27T05:34:34.533Z,"マウスピース矯正で通院中です。治療途中で歯に隙間ができてしまい不安だったのですが、相談したところ非常に親身に対応してくださいました。
リテーナー追加作製には追加料金がかかるとの説明もありましたが、無理に作り直しを勧めるのではなく、まずは今の状態で隙間を埋める処置を施してくださいました。

技術面はもちろん、説明も丁寧で信頼できるクリニックだと感じました。",,Ci9DQUlRQUNvZENodHljRjlvT2paMFNHcEZha2N3TWtFNVdGTnBWVzFFVjNZeVVFRRAB
270,35503,ChIJy0Zn_oIpC18R-GkirhZ4gTw,5,田中太郎（れんこん）,2026-01-21T12:58:25.652Z,"右側の親知らず2本抜歯のため通院しました。
皆さんとても親身になって診察、対応してくださる良いクリニックだと感じました。特に麻酔が痛くなくて、良かったです。",,Ci9DQUlRQUNvZENodHljRjlvT2pWa1gwMXlVMVpHYTFKcFRqRmpORjlEUjJocWFFRRAB
271,35491,ChIJHc0qRxYpC18RJD8Dih2_Jfc,5,西谷内隆幸,2026-01-28T04:02:54.865Z,"お口は、健康への大事な大事な入り口です
30年ほど前からお世話になっています、歯科衛生士さんも、その時からお世話になっています
親切、丁寧さが最高です
まだまだ、通い続けます😊",,Ci9DQUlRQUNvZENodHljRjlvT21sdlQwOUtaR3AyUTJwU2JFMXpTMnRxTkhaUWNGRRAB
272,35491,ChIJHc0qRxYpC18RJD8Dih2_Jfc,5,西谷内晴実,2026-01-28T02:42:41.833Z,"30年以上お世話になっています。最初は歯が痛くて、何も分からない状態で受診しましたが、そこでお口全体の治療と、歯周病の治療をしていただきました。それ以来ずっと通い続けています。
丁寧に説明してくださり、安心して治療を受けられる歯医者さんです。
今では主人もお世話になっており、家族で安心して通える歯医者さんです。",,Ci9DQUlRQUNvZENodHljRjlvT201ak1VbGtkRFZUVlhCcFZIbENiMmhqUjNONFJHYxAB
273,35478,ChIJg-vWHgspC18RS6UeeCwvTwk,4,池上加奈,2026-01-23T11:44:17.803Z,,,Ci9DQUlRQUNvZENodHljRjlvT2s5MFdUaG9iM1ZwV2tRMk9XWmxRelZ0U25sR1ZFRRAB
274,35723,ChIJ6Yr-MTopC18RuLQXYR0LLI8,1,とらじろう,2026-01-22T09:58:20.013Z,"歯列矯正で伺いましたが自分の場合歯を4本抜き5年間ワイヤー100万と言われこっちの理想を聞いてもいないのにそれでも歯茎を切開しないと貴方の理想にはならないと言われ私とは関係の無い人の症例を見せてきたり、マウスピースはありますかと聞いたらあるけどマウスピースで効果のある人にしか提供してないと言われて諦めて帰宅しました。
後日街中の大きなとこに行ったらこちらよりも安い費用で普通にマウスピースで歯を1本も抜かずに強制ができ期間は1年と言われました。
その病院によって言うことは様々ですがここの意見は無視して他の美容院と比べてみるのをオススメする",,Ci9DQUlRQUNvZENodHljRjlvT25Ga1pqVm5XVWg0VFdKVWNqaGlibTl5T0VWQk5XYxAB
275,35556,ChIJs6hgRZwpC18REfq6vrdSnwo,5,kubohiro 3,2026-01-30T08:36:52.306Z,"院長先生やスタッフの皆さんがとても親切で安心して治療することが出来ました😊
インプラントは初めてでしたが食べ物が美味しく食べることが出来てやって良かったと思っています
その後のメンテナンスもしっかりしておりとてもおすすめの歯科医院です☺️",,Ci9DQUlRQUNvZENodHljRjlvT25wSFRsZEhVR1V4T0hwSFQwaFdOWHBCZWxneWJIYxAB
276,35556,ChIJs6hgRZwpC18REfq6vrdSnwo,5,竹本知美,2026-01-30T07:10:15.928Z,"インプラントを初めてしました。
色々な不安等は丁寧にわかりやすく説明してもらい安心して出来ました。",,Ci9DQUlRQUNvZENodHljRjlvT2poTlV6RjFOVEkwY3pKdldEVXdjMkowTVhwMVFsRRAB
277,35556,ChIJs6hgRZwpC18REfq6vrdSnwo,5,Kanji Suehiro,2026-01-30T01:43:50.575Z,インプラントをいれてから、硬いナッツでも何でもてべられるので、まるで10年20年も若返ったような気がしています。,,Ci9DQUlRQUNvZENodHljRjlvT2tKaWFtVjJWREF4UnpFM0xXSllSRWczY0RGa1pGRRAB
278,35556,ChIJs6hgRZwpC18REfq6vrdSnwo,5,sn,2026-01-28T08:02:55.176Z,マウスピース矯正で利用させていただきました。定期的な検診やクリーニングなど、丁寧に対応していただきありがとうございました。,,Ci9DQUlRQUNvZENodHljRjlvT2kxQmMxUkROVkpRT0dwVmFHMXFjVlZmVjFsNmRFRRAB
279,35556,ChIJs6hgRZwpC18REfq6vrdSnwo,5,ぷりん,2026-01-28T02:14:29.856Z,丁寧にカウンセリングしていただき、自分の納得いく形まで矯正することができました,,Ci9DQUlRQUNvZENodHljRjlvT2xadlRsWnRTblIyU1RGVlluRlNXRTVuUVc1Mk0yYxAB
280,35556,ChIJs6hgRZwpC18REfq6vrdSnwo,5,Michiyo Kitakami,2026-01-27T03:57:13.995Z,"インプラントは、とても便利で最先端のものだと感じています。
施術して頂いて良かったと思っています。",,Ci9DQUlRQUNvZENodHljRjlvT2paRVh6bGhTemRaVEZoWE5GSlZZalJTUlVFMFozYxAB
281,35556,ChIJs6hgRZwpC18REfq6vrdSnwo,5,とも高橋,2026-01-26T09:30:14.874Z,"お世話になってます。
みなさん丁寧で気持ち良いです。",,Ci9DQUlRQUNvZENodHljRjlvT25NelZteDBaVWhhY0hsYVRETXRZbEZUTFhGRlRYYxAB
282,35556,ChIJs6hgRZwpC18REfq6vrdSnwo,5,R,2026-01-26T08:53:56.233Z,"矯正でお世話になりました。
みなさんとても親切です。",,Ci9DQUlRQUNvZENodHljRjlvT2podVVXaHZMWFpzV1c1Qk1VaGhhR0kzUVZGQlRsRRAB
283,35556,ChIJs6hgRZwpC18REfq6vrdSnwo,5,北川好和,2026-01-26T08:02:57.333Z,いつも丁寧なクリーニングして頂いています。,,Ci9DQUlRQUNvZENodHljRjlvT2xabmFrWnVSWFpHY0hCTU0wSnVkMEpLWTNOemRVRRAB
284,35556,ChIJs6hgRZwpC18REfq6vrdSnwo,4,松本泰雄,2026-01-26T06:22:49.005Z,インプラントを入れて食事が楽しくなりました。,,Ci9DQUlRQUNvZENodHljRjlvT21GV1lWWlVaVVZqUTE5aFVIZFNkMWhvUkZkMVJrRRAB
285,35556,ChIJs6hgRZwpC18REfq6vrdSnwo,5,浪花章仁,2026-01-26T02:45:29.182Z,丁寧な説明、治療していただいてます。これからも、歯を大事にしていきたいと思います。,,Ci9DQUlRQUNvZENodHljRjlvT2tRelVFZGhNM0IyZDFveFoxQnVURkpFYjBObGIyYxAB
286,35709,ChIJ13UfLHApC18RAFZL3h89LL4,1,みゆそん,2026-01-26T04:33:16.107Z,,,Ci9DQUlRQUNvZENodHljRjlvT2t4T2JYcDZlblZ5Vkc5S05GQmpkMmcwVGs5RVkyYxAB
287,35698,ChIJ1R38zbcpC18RJogtYB4ITW0,1,大島大,2026-01-23T07:58:20.254Z,微妙....,,Ci9DQUlRQUNvZENodHljRjlvT2w4elIwWm5jbFozZGtGUmJuVnJOVUp3YjA5TlYyYxAB
288,35698,ChIJ1R38zbcpC18RJogtYB4ITW0,1,tommy,2026-01-23T07:57:57.019Z,,,Ci9DQUlRQUNvZENodHljRjlvT21wSU1WVk9iV0U1ZEhCQlVVOWZVVEJLYkRoYVEyYxAB
289,35732,ChIJqyqnvMAuC18Ri8NLGDa1wIE,1,strizm ω,2026-01-22T10:33:17.421Z,,,Ci9DQUlRQUNvZENodHljRjlvT25salRrSlNVamsyV0VrMmRVNXFlR3d3UjBKVlYxRRAB
290,35816,ChIJKb10EhIpC18R1gqMPOMAi7s,5,こもとそら,2026-01-30T03:06:36.403Z,説明が丁寧でとても分かりやすかったです。,,Ci9DQUlRQUNvZENodHljRjlvT2xwc2NuZERTVGw2ZDJWUllubFJiSE5tTkU4dFlrRRAB
291,35816,ChIJKb10EhIpC18R1gqMPOMAi7s,5,ざね,2026-01-28T07:23:24.852Z,,,Ci9DQUlRQUNvZENodHljRjlvT2tsNWNrUmZVRnB1ZDFsT1dYQlVhMk14Y2twcU0wRRAB
292,35816,ChIJKb10EhIpC18R1gqMPOMAi7s,5,AYU DEGUCHI,2026-01-21T03:11:46.873Z,1つ1つ丁寧な説明で、不安な部分を解消することができました。,,Ci9DQUlRQUNvZENodHljRjlvT210RE4xRTRZWEZXVG1nd01XcGZUekJzVFdsMGQzYxAB
293,35816,ChIJKb10EhIpC18R1gqMPOMAi7s,5,nana ・,2026-01-20T09:22:59.524Z,"とても親切に、丁寧に治療をすすめてくれました！歯並びも以前と比べ物にならないくらい綺麗になりました
歯列矯正をここでやって良かったです！とても満足してます✌️",,Ci9DQUlRQUNvZENodHljRjlvT2xKQmJIQk5UazFqZG10R1NYRlVjRzVRVWtKMVdIYxAB
294,35867,ChIJC1EZ6xUqC18RltbSYELdGcE,5,ほみ,2026-01-29T09:19:36.638Z,,,Ci9DQUlRQUNvZENodHljRjlvT2xBNGNrcFJkM1pHY1VSbFFuVnlUSG90VUMwMWQzYxAB
295,35851,ChIJM154MT0oC18RkJpZYIaBdT0,3,斎藤つばさ,2026-01-25T09:04:50.250Z,"かぶせ物など作成物を一生懸命作ってくれるのは良いですが、防菌意識が低いと思います。
ラーバーダム不使用
検知液もほとんど使わない。
歯周病にも考えが甘い。",,Ci9DQUlRQUNvZENodHljRjlvT2t0b1JVaDBVSGxWYkdkUGRYcGZNRTV2UjA1aVlWRRAB
296,35879,ChIJyYF0x6grC18RT9FEsRj4h58,5,kona kon,2026-01-27T07:48:28.124Z,先生が皆優しく、丁寧な治療でした。長期間の矯正も無事に終えてとても満足です。,,Ci9DQUlRQUNvZENodHljRjlvT2xGaGJuSmhRVXAwT0VGS1FVeERVMjR5Vm1jemNWRRAB
297,35879,ChIJyYF0x6grC18RT9FEsRj4h58,1,たんぽぽ,2026-01-26T01:23:16.311Z,"説明なく、歯を削られました。
先生に電話で説明を求めると笑いながらさーせんした！という対応でした。

左顎の力が犬歯に負担になってます。途中でワイヤーを切断し犬歯を引き抜かれるような噛み合わせで治療がスタートし疑念が残り他院に受診しました。

前方と左側だけ歯茎が真っ赤に腫れました。手袋変えてますか？
私には体調の悪さ、噛み合わせの悪さ等デメリットしかありませんでした。
今まで虫歯になったこともないのに、検査で虫歯になりやすいと言われるし。キシリトールのガム噛めと言われても噛んだら犬歯が傾くし、
医者が歯駄目にして虫歯に仕向けてるのがよくわかりました。
行動が攻撃的で何するかわからないから上手い下手のレベルでなく危険だと思います。",,ChZDSUhNMG9nS0VJQ0FnSUNucmFTS2FnEAE
298,35884,ChIJmxlDvQQrC18RXfIFKTI9bKo,1,ああ,2026-01-21T02:40:52.887Z,"受付の対応ひどい
先生、歯科助手さんみなさんはすごく良くしていただいたので、とても残念。",,Ci9DQUlRQUNvZENodHljRjlvT214YVdXbHVZVFp4UVVrelZGaE1OSEpUZUdZM04wRRAB
299,35875,ChIJAaLQ4TUrC18Rt9fF5y2xoZ4,5,知典山田,2026-01-29T05:41:03.440Z,"定期的に検診と治療で使ってます
先生も歯科衛生士さんも優しく、今後も通いたいです",,Ci9DQUlRQUNvZENodHljRjlvT2xablNsSmlNMlp6YjFWU1dYaEZVVGxFYUVseFNsRRAB
300,35850,ChIJOdKYxsUpC18RAYBn7HZfVPg,5,久慈尚哉,2026-01-27T07:21:35.204Z,知り合いの紹介でご利用させていただきました。先生の治療、対応も良く、予後も良好です。歯科衛生士さん達にも笑顔で対応していただけてよかったです！！定期的にクリーニングも行こうかなと考えています🙃,,Ci9DQUlRQUNvZENodHljRjlvT25Ca05FczBiMnREWW5GcmVtOVRWMjh6VEc1RGVWRRAB
301,35850,ChIJOdKYxsUpC18RAYBn7HZfVPg,5,いちごみるく,2026-01-24T02:34:40.080Z,丁寧な説明とともに、治療していただきとてもよかったです。,,Ci9DQUlRQUNvZENodHljRjlvT2tWS1dXdFRTRk5mU1hSMFFVVnpOWG8wVGtGMWJVRRAB
302,35850,ChIJOdKYxsUpC18RAYBn7HZfVPg,5,Yuu,2026-01-20T02:09:49.840Z,"札幌駅に病院があった時からお世話になっています。
歯医者が昔から1番苦手なのですが、いつも痛みに配慮していただけて、先生の説明も丁寧でわかりやすいので安心して通院できています。
歯科衛生士さんも皆さん親切で優しく、これからもお世話になりたいと思っています。",,Ci9DQUlRQUNvZENodHljRjlvT2t0TmVrUkpiR1Z5UWtFM05uVTVRWGRNWjFJMFQxRRAB
303,35852,ChIJJy9McTkoC18RJOS0qaEa1go,3,若原匡二,2026-01-28T03:14:31.784Z,,,Ci9DQUlRQUNvZENodHljRjlvT2pSZlVXNWtRMGxMVW5oWllUTkhjbkpEVTBWbVdGRRAB
304,35792,ChIJCX5GfVQoC18RhGxRpHCSHOI,5,"JUN,",2026-01-27T12:10:09.318Z,とにかく、丁寧で優しくいい先生でしたまた、お願いしたいです,,Ci9DQUlRQUNvZENodHljRjlvT21acGJsUmZaV0k0T0VFMU9YUk1SWEk1V20xTlZsRRAB
305,76465,ChIJq3B5AScpC18RLzRHuA38HoE,1,irohani hoheto,2026-01-25T07:00:41.253Z,"行ってはいけない歯医者を具体的に教えてくれます。

歯科でミスに遇った人には、診断書など書いてくれて暴いてくれます。
「私なら訴えるわっ」と協力すしてくれる歯科で、庇い合わない、自治が出来ている歯医者です。

そういう人はどんどん行かれると良いと思います。

診断書にその歯科の大学名、用途は言う必要は医師法でありません。言うと掌返しをされて、非常に酷い目に遭うので、一切言わないで、診断書を書くことは医師の義務ですので、書いてもらって下さい。ミスに遇ったとも言わないことです。ただ現状を書いて下さいと言ってかかりましょう。～～されたとかも言わないで。

保健所から5回も注意を受けているのに 開示した カルテが 読めないので 電話をしていますが黙殺されています 困ります 何と書いてあるのか お手紙に 清書 して送ってください もう何年間も 1回たりとも電話に出ず ブロックしています が何かやましいことでもあるのですか 裁判に虚偽の私に脅されて書いた 診断書だと とんでもないことを言われましたが 診断書も発行せず 診療経過紹介が届きました しかし カルテの内容と 一致してるように見えますが まずは 患者から求めがあった場合 速やかに 説明しなければいけないとなっております 何年間も電話にも出ないのは困ります まして 虚偽の発言を裁判でなさるのは偽証罪にあたります 全く 心当たりもなく ありもしないこと 言って人の人権を侵害するのは医療者のやるべきこと でしょうか 今すぐ 郵送で送ってきてください

あなたが勝手に書いたというものに嘘を書いたのであれば それは有印私文書偽造罪になりますよね",,Ci9DQUlRQUNvZENodHljRjlvT21oek9HcHZXRUYxTjNadmRGTkZlVTlFUlVSTlJGRRAB
306,73154,ChIJ30uXCAUpC18R_uzotHdr2Dk,4,ふわふわ,2026-01-23T11:16:51.137Z,"ここは地下歩行空間からすぐで、何かあった時通いやすかったので、ここにして良かったです。
最初は少し痛かったり、ゴムかけも大変でしたが、すぐ慣れました。
２年かかりましたが、キレイな歯並びになって良かったです。
週に2、3回しかやってないのですが、基本あまり行くことはないので、なんとかなりました。ラインで予約できます。
先生もスタッフの方も感じが良いです。",,Ci9DQUlRQUNvZENodHljRjlvT2tVMFJYb3dhMFI2V2toRlpqZHNaV0pxZGpaT1JGRRAB
307,73154,ChIJ30uXCAUpC18R_uzotHdr2Dk,5,たた,2026-01-21T07:44:30.559Z,,,Ci9DQUlRQUNvZENodHljRjlvT2pkTWVHOVNZbFZLZG1wblEyOHdOVEI0VjFGaVlrRRAB
308,80459,ChIJDRcSJi4pC18R60RwIBkQJ30,5,中山翔子,2026-01-27T05:04:33.561Z,"家から近くて通いやすいなと思い行ってみることに。思ったよりも白くなり感動しました。
歯科衛生士の方がとても丁寧に説明してくれて分かりやすくスムーズに進みました。
最後まで丁寧で仕上がりも満足でしたので、また伺わせて頂きます☺️",,Ci9DQUlRQUNvZENodHljRjlvT21sQldEbERPSFZGUmxCUmJHUldNMlV6WjJGUGVFRRAB
309,80458,ChIJSR99_vQpC18RF7rF7sJlr28,5,ひな,2026-01-30T05:47:00.739Z,"歯が白くなって嬉しいです💖
スタッフの方も優しくて内装もとても綺麗で
これからも通い続けたいです！",,Ci9DQUlRQUNvZENodHljRjlvT2pGZk9WUmtORzlhUTJNMVpsaG5WRnBmWlZCTU5FRRAB
310,81495,ChIJR82TXRopC18R9krsnixldT4,5,TE TE,2026-01-30T10:48:38.397Z,"特性を持っている子供達の歯科治療に通ってます。
特に上の子は、なかなか治療を進められずでした。ここが最後だと、3件目でようやく出会いました。
お母さんがどうしたいのか、子供がどうしたいのかを、丁寧にヒアリングして頂きました。
上の子は、心疾患があるのですが、その話をした際に、歯科助手さんが（歯科衛生士さんだったかも…）『詳しく分からなくて申し訳ありません。私も調べておきます』と言って下さった後、レントゲンをとってる間に、早速調べて下さっていた姿に感動しました。
母以外の人の手で、しかも歯医者さんで、すんなり歯磨き出来たのは初めてです！
ありがとうございます＾＾
いつも子供達がたくさんの待合室ですが、清潔感もあり、様々なおもちゃや本があって、待ち時間への配慮もありがたいです。
歯の治療って、大事だけど、抵抗感ある子にとったら、予防接種の次にハードル高いし、嫌がったら通うの気が重い…と親にとってもなかなかのストレスでしたが、『ここならイケる』って思いました。
様々な病院に受診してきましたが、確かに混んではいますが、案内はスムーズと感じます。
治療の判断も対応も、とても早いです。
痛い事を長く我慢する事は子供にとっては、かなり難しい事ですが、それを理解した上で、丁寧にしっかり治療して頂けるのは有難いです。
やっぱりこれ以上無理となっても、決して嫌な顔をせず、『分かったよ〜』と、今日出来たところまではしっかり褒めて下さるので、子供も誇らしげで、親も安心感があります。

まだまだ虫歯はありますが、引き続きよろしくお願い致します。",,Ci9DQUlRQUNvZENodHljRjlvT2xGNVZHbFplRmRSZG5CVE5pMXJSMDU0ZHpNNVlrRRAB
311,81495,ChIJR82TXRopC18R9krsnixldT4,4,須貝理人,2026-01-29T09:46:59.519Z,,,Ci9DQUlRQUNvZENodHljRjlvT2twSlkyTTJMVlUyYzJsTFJIRlRia1JUUVVsWmJuYxAB
312,81495,ChIJR82TXRopC18R9krsnixldT4,4,C S,2026-01-29T07:57:21.129Z,,,Ci9DQUlRQUNvZENodHljRjlvT2pkQk5HSmpPRlJJTXpJeVNsbHZVV295WVhkbVduYxAB
313,81495,ChIJR82TXRopC18R9krsnixldT4,1,a A,2026-01-27T21:47:19.142Z,"待合室に子どもを迎えにくるスタッフが叱っているような声かけをしていて、子どもが入室拒否したのを見かけた。
診察室からは数人の子の泣き叫ぶ声が聞こえることも多く、嫌々ながらも頑張って通院してきている子たちに対して、心配になる声かけだった。
親でもない大人に、叱られてるような声かけをされ連れて行かれそうになったら、どれほどこわいと感じるかを一度考えてみた方がいい。",,Ci9DQUlRQUNvZENodHljRjlvT201UlRXcE9jbTAzY205RGVFNWtSWEZCYm5GMU0wRRAB
314,4684,ChIJCTDhL3r0nl8RTPxJ96Pz6xY,1,kako,2026-01-20T09:43:19.874Z,"本日 娘の付き添いで、函館中央病院
整形外科へ
紹介状をもって診察してもらい
紹介状の宛名の医師
娘に老化だよ😱40代の女性に 何と言う言い方‼️
医師の質の悪さ‼️‼️
首が痛く痺れ 力💪も入り難いのに
老化？？？？？
言葉の使いかた😡😡😡😡😡
人として なってません
麻薬のような 強い薬を処方されましたが
娘は不安で仕方ない  と！

紹介状を書いてくれた先生はとても
良い先生なのに  とても残念な事になってしまいました。

その麻薬みたいな薬が、ダメなときは
首にブロック注射 と😨
夜も不安で寝られず 疲れ切ってた

朝になり やっぱり紹介状書いてくれた
先生の所へ
脳神経外科の医師と看護師
首へのブロック注射と聞いて驚いていた
とても危険⚠️
もう  紹介状書いたけど 中央病院の〇田医師の所は行かなくて良いと
いってくれた
今後のことは 脳神経外科でやると
それを聞いて一安心

沢山の症状が、出ているのにもかかわらず それが   老化とは
医師が言う言葉では無いと思う

わたしが、以前お世話になった医師は
整形外科医が、患者に対して
何でも老化と言う医者は、どこの医者だと怒ってました。

脳神経外科では、首へのブロック注射は危険⚠️なので、やらないと言ってました。
腰のブロック注射でも腰から下チカラが入らなくなるのに
首のブロック注射   呼吸できなくなるんじゃない 下手したら命なくなるよね

そんな恐ろしい事を言う医師が函館中央病院にいる

患者はモルモットでは無い‼️‼️",,Ci9DQUlRQUNvZENodHljRjlvT2twUVIwczNYM1ZrY0hkTGJ6RjBhSEUwWjNweVZtYxAB
315,75596,ChIJzV9iV1spC18RP3-HShz8yXs,5,本村,2026-01-30T09:58:23.741Z,"通いやすい、予約も比較的取りやすいです。
仕事終わりにも来られるのがいいです。
手軽に白くしたい方はいいかと思います。
わたしはとてもいいところを見つけられたと思っています！",,Ci9DQUlRQUNvZENodHljRjlvT2xCQk9YVm9ZbkJPUW5aT1FWZDJWazV0WVZBek5HYxAB
316,75596,ChIJzV9iV1spC18RP3-HShz8yXs,5,菅原,2026-01-29T02:49:13.632Z,全然辛くなく、歯も白くなったので、これからも続けられそです！,,Ci9DQUlRQUNvZENodHljRjlvT2xBd1kxa3pjelYxTlRkcVNWQXlRVEJrWjFkT1IxRRAB
317,75596,ChIJzV9iV1spC18RP3-HShz8yXs,5,えりこ,2026-01-21T04:58:38.454Z,5回行ってだいぶ白くなり嬉しいです！手順も丁寧に教えていただけるので、心強いです！,,Ci9DQUlRQUNvZENodHljRjlvT21SMVQwaElhV1JVZUhGU1FtUlplRFJXVjNaaVlYYxAB
318,7572,ChIJz9DhFHPQn18R0N6lNLnjALs,1,IN Da,2026-01-20T21:46:05.606Z,"休日の外来診療が必要になりそうだということで、まずは、具合の悪い本人の代理で電話で照会をした。
相手は休日の受付電話口（看護師だったかと記憶している）で大代表など大枠の窓口ではないからか、問題の症状や既往症、氏名や年齢などの当然のことをいくつも尋ねられた。来院の時間なども案内されたが、「外国人ですか？」とも尋ねられた。

報道などで多く外国人の医療サービスに関する問題があるのは知っているが、「外国人かどうか」を休日医療の入口の手前である電話照会で確かめることは必要はないように思う。更に、尋ねてはいけない種の質問ではないのかと思う（休日受付だと考えたから、その質問意図の確認などはしませんでしたが）。
それまでの電話口でのやりとりや患者氏名などの情報は伝わっていたので、「日本国籍者ですか？」の方がまだ適切なのではないか。それでも問題ありかと思える言葉だとは思うが。

医療と関係ないことでのトラブルは、病院としても未然に対策したいことだとは理解できる。しかし、患者サイドの人権に関わるようなこと、医療に必要性がなさそうに感じられる事項について、その説明をつける（例えば「マイナーな外国語だと通訳者なしでは充分な医療サービス提供が難しいので尋ねますが」などとあれば質問の意図は判るし、尋ねられることで却って安心につながりますが）ことなく、『門前段階』的な電話照会の段階で尋ねられた。
この質問により、不躾で人権意識に対する意識の不充分さなどの大きな悪印象を、その電話応対者と、病院全体にも覚えた。

大きな疑義がある。

私は、この日鋼病院に普通に通院して中の上、上の中くらいの印象があるのだが、今般の土曜日の日鋼はなかなか悪い印象となった。T病院傘下になったらどう変わるのか、不安がある。

✩をつけないと投稿できないので、✩1つにしたが、このときに受けた印象と今でも残る悪印象から、✩はマイナスでつけたい思いである。",,Ci9DQUlRQUNvZENodHljRjlvT2tNMlVqbHFTVmRJVEZWdU0wODBkRWRDY1VNM1VrRRAB
319,6938,ChIJtRLs2lLgCl8R5OY_WdU3ZV0,5,井口かよ,2026-01-30T08:39:04.575Z,とても丁寧なインプラント手術をして頂きありがとうございました。歯を抜くのと一緒にやってもらえて良かったです😊,,Ci9DQUlRQUNvZENodHljRjlvT2xsak1sTTVPRkJpUmw4eVN6QnlTRzFyWTBsbExYYxAB
320,6938,ChIJtRLs2lLgCl8R5OY_WdU3ZV0,5,まー,2026-01-30T08:38:50.359Z,,,Ci9DQUlRQUNvZENodHljRjlvT2xKSFYyWnFlVFY2V0RKUGJUQjZMVFZqUm5aUU9VRRAB
321,6938,ChIJtRLs2lLgCl8R5OY_WdU3ZV0,5,山際泰裕,2026-01-30T08:37:28.337Z,いつもありがとうございます！,,Ci9DQUlRQUNvZENodHljRjlvT2tkb1MzWllXbXhSWTNKcFdsQnBhMWhPWDFaSVRFRRAB
322,6938,ChIJtRLs2lLgCl8R5OY_WdU3ZV0,5,あ,2026-01-30T08:35:35.525Z,,,Ci9DQUlRQUNvZENodHljRjlvT2tGMVlscDZja28yYTJ0WFJFcFFWakJQT1RKM1ZtYxAB
323,4231,ChIJ_1E7CK8nC18RxKOfxBPSEV0,3,渡部剛,2026-01-26T12:37:28.410Z,,,Ci9DQUlRQUNvZENodHljRjlvT2twSWN6aDFWekZtT0U1d05FYzNYM2xhV0c5T2VtYxAB
324,4231,ChIJ_1E7CK8nC18RxKOfxBPSEV0,4,とも高橋,2026-01-26T09:24:42.090Z,"手術でお世話になりました。
ありがとうございました。",,Ci9DQUlRQUNvZENodHljRjlvT25SalNrd3dTM0JPWTBRNU9IZERWRzlsVlhnNGIxRRAB
325,8889,ChIJOwULtd3fCl8RNw5Rr7jP_oo,5,パニックパチパチ,2026-01-29T09:05:43.666Z,"朝里中央病院の整形外科を受診してリハビリも受けたのですが親切丁寧に指導をしてくれて心配なことや疑問に思ったことも親身に
相談に乗ってくれてとても良かったです
これからも何かあったらこの病院に受診したいと思います",,Ci9DQUlRQUNvZENodHljRjlvT2t4VlZXSnRjREJzZHpNNE1HbGFNamhEYzFoQ1drRRAB
326,6519,ChIJQ5S0YP0pC18Rkn2G7gagxrY,1,powered,2026-01-25T06:48:43.235Z,"障害者年金の目的で入りましたが、入院を繰り返しさせられ薬漬けにされました
そして最終的には家まで
あと入院中音がうるさけったです
飯がマズくて入院費も5まんさと高い、しかも風呂とか強要させる。寝てるのに",,Ci9DQUlRQUNvZENodHljRjlvT25RdGFqWk1TRlpXUVRSUGRXdHlYMk4xZW1nNGFGRRAB
327,3354,ChIJN4v2ZBban18RWujaba3TgMs,5,三上直人,2026-01-26T20:30:47.641Z,"昨年11月から入れ歯の作成でお世話になりとても受け付けスタッフ、他のスタッフさん先生皆さん感じもよく心も安らぎます
2026年度も宜しくお願いします",,Ci9DQUlRQUNvZENodHljRjlvT2tGR2NFNVpkMmc0UVdneGRUZHRZM3BxU1hwRE4zYxAB
328,8875,ChIJz2FyUxjWCl8RRqrbMwmaeXw,3,國分優衣,2026-01-27T15:15:12.614Z,,,Ci9DQUlRQUNvZENodHljRjlvT2tOcFkyVjJWR1pPWjJscVVtbGhkall4Ym5WQmNuYxAB
329,7009,ChIJS4t3hfkpC18RVZ0EVymqqTg,5,さな,2026-01-29T08:47:24.857Z,前歯の隙間がずっと気になっていましたが、たった1回で綺麗になりました！,,Ci9DQUlRQUNvZENodHljRjlvT2xKcldXMDFiR0ZrUkZwTWVXa3dlWFpMYWxWTlMzYxAB
330,7009,ChIJS4t3hfkpC18RVZ0EVymqqTg,5,みり,2026-01-23T06:56:31.560Z,"歯の隙間を埋めてもらいました！
想像以上に綺麗にしてもらえました^_^
自宅から遠いですが来てよかったです。",,Ci9DQUlRQUNvZENodHljRjlvT2pZME5YcGFNRlpSVmxCRVYxbHlhbEJLWWtKc2QyYxAB
331,5396,ChIJ2TiNoXYpC18RHK4cImtq1qM,1,み,2026-01-28T23:35:17.023Z,,,Ci9DQUlRQUNvZENodHljRjlvT25obmJsWkZPWHBaYW5GWmMwaFFTMDFZTlhjd05IYxAB
332,5396,ChIJ2TiNoXYpC18RHK4cImtq1qM,1,やしろちゃんねる,2026-01-26T07:14:52.374Z,,,Ci9DQUlRQUNvZENodHljRjlvT2tGVU56TjVhMlJaZVRKMVNHSm5YMngzV25Fek5VRRAB
333,7190,ChIJpy45uQopC18RFQIyzV5TCog,5,どこか,2026-01-30T08:39:20.018Z,"イヤホン売場の女性スタッフが冷たい。
威圧的な感じで商品について聞いてもそこにあるじゃない？みたいな感じ、ストレスの貯まりやすい仕事だとは思いますがもう少し明るい感じで接客して欲しいです。
他のスタッフの方は親切な対応だったのでいいお店だとは思います。",,Ci9DQUlRQUNvZENodHljRjlvT25STk1sOXlaVFJSZW5vNVkzWkxla3d5Y1ZWQlNIYxAB
334,7190,ChIJpy45uQopC18RFQIyzV5TCog,4,manul 마늘,2026-01-29T07:23:00.041Z,요도바시 카메라 멀티미디어 삿포로는 삿포로 역 근처에 위치해 있는 대형 전자제품 스토어이다. 무척 큰 스토어로 찬찬히 둘러보면 하루 종일 둘러봐도 시간이 모자를 정도로 크다. 일반 가전제품부터 카메라등의 가전제품까지 있는 곳으로 면세 할인 혜택도 가능하다.,,ChZDSUhNMG9nS0VJQ0FnSUNEMGVQSEdnEAE
335,7190,ChIJpy45uQopC18RFQIyzV5TCog,5,野崎やすこ,2026-01-26T01:17:10.867Z,広くてすごく良かった,,Ci9DQUlRQUNvZENodHljRjlvT2tkaGVYbFhaV3B1YkdjMGQxQjFiV3h4ZFRKQ2NIYxAB
336,7190,ChIJpy45uQopC18RFQIyzV5TCog,5,千夏,2026-01-20T21:52:23.528Z,実店舗も通販も便利です,,Ci9DQUlRQUNvZENodHljRjlvT2xkTk1rUjRNMkp6WVhOb01HTkhUM0JLTjJrNFYzYxAB
337,7190,ChIJpy45uQopC18RFQIyzV5TCog,5,Shane,2026-01-20T13:03:38.195Z,"有都八喜相比Bic camera一點也不遜色
提供免稅 但是價格沒有比較便宜
種類繁多 可以逛好幾個小時",,Ci9DQUlRQUNvZENodHljRjlvT2xwU1gxQXpZakI1ZUc5UFNIaFRSa2xYTURrMk1rRRAB
338,3706,ChIJiThC1tIoC18RXoCHBBfj288,1,Yi Ting,2026-01-29T14:12:44.748Z,"Grateful that they have after hours clinic, but the doctors and staffs were not reassuring nor confident. They use translating apps on their devices to communicate with us foreigners, thankful but I hope we'll never need to go to any hospitals in JP anymore. The costs were also exorbitant.",,Ci9DQUlRQUNvZENodHljRjlvT2taVlltdHZXR1ZSYzJOdU1rTkJOVFJ4VTJreVFtYxAB
339,3706,ChIJiThC1tIoC18RXoCHBBfj288,1,YUI N,2026-01-29T12:55:42.665Z,診察受けましたが、待ち時間が長い、手術してもしなくてもいいと適当な説明。一週間後再受診で手術となりましたが、他の病院へ行くよう指示され、今は親切な説明を受けて治療してます。,,Ci9DQUlRQUNvZENodHljRjlvT2pkUVp6QktTRE0wVUhBdGFteFNXV2RxUzFGVFJsRRAB
340,3706,ChIJiThC1tIoC18RXoCHBBfj288,3,壽原一夫,2026-01-24T12:32:03.500Z,深夜救急でお世話になり感謝しています。ベッド無いから車内で６０分待機。,,Ci9DQUlRQUNvZENodHljRjlvT2kxdllXSndkSGR4WTJnMFl6RkNZa2t4T0RSUlNGRRAB
341,8978,ChIJYz8AdSMrC18RI72dO4uVixE,5,ゆ,2026-01-28T02:55:59.398Z,入院して親知らずの抜歯をしました！手術のあと大号泣してしまったにもかかわらず、優しくしてもらい、看護師さんも先生もみんな親切でした。抜いてから2週間ほど経ちますが良くなってきています。ここで抜いて本当に良かったなと思います。ありがとうございました！,,Ci9DQUlRQUNvZENodHljRjlvT2xkdFoxOUxYM2xMZVRWdWFqTlhaMGgyZFZGTVltYxAB
342,7796,ChIJKe-729N2A2AR1gDz7NShIjI,5,界隈マンジャロ（マンジャロ界隈）,2026-01-20T09:48:01.131Z,"強引にクリーニングや自費治療を勧められることが一切なく、最初から最後まで安心して通える歯医者さんです。
副院長先生はとても気さくで親切な方で、ふらっと現れて声をかけてくださる瞬間に、ふっと心がほどけて自然とほがらかな気持ちになります。

担当医の先生も清潔感があり爽やかで、こちらの話を丁寧に聞いてくださり、治療内容の説明もとても分かりやすいです。
看護師さんも綺麗で優しく、受付の方も愛想がよく、院内全体の雰囲気がとても良いと感じました。

また、待ち時間が短く、無駄がなくスピーディに進めていただける点もとてもありがたいです。
忙しい中でも通いやすく、時間を大切にしてくださっているのが伝わります。

知り合いにもぜひおすすめしたい歯科医院です。
実際に、丸の内周辺の歯医者さんで高額な費用ばかりかかり、クリーニング中心でなかなか望み通りの治療に辿り着けず落ち込んでいた彼氏に水野歯科さんの話をしたところ、「ぜひお世話になりたい」と言っていました。

患者の気持ちに寄り添ってくださる、信頼できる歯医者さんだと思います。
今後ともどうぞよろしくお願いいたします。",,Ci9DQUlRQUNvZENodHljRjlvT2tkdk1UUk9aWG95TnpaRmQwVjFkME54UkVJM2FHYxAB
343,7243,ChIJ0_dChOLlDF8RL7kfZOTj5So,3,荒川則夫,2026-01-20T13:37:22.280Z,お薬手帳を、忘れたら゙、マ゙イナカードで、掛かりつけ医の処方薬を、受け付けで、確認をして、それがダメなら、問診、治療をしないんだものね？❢⁉️。,,Ci9DQUlRQUNvZENodHljRjlvT21wblZqSnJSMVpSY0RkdVltMVRhSFJzUVV4VFdrRRAB
344,6641,ChIJRQCp300pC18Rvwa5c4Z2oBg,5,Mary,2026-01-24T00:49:48.304Z,"親知らずを抜きたくて、久しぶりにこちらの病院を受診しました。
その際に、他の病院では見抜けなかった虫歯を見つけてくれて診ていただけました。最終的に抜歯から治療、クリーニングもしていただけてとても感謝しております。",,Ci9DQUlRQUNvZENodHljRjlvT25SUE1HbElSMUY2T1U5eVRTMXRhVUZKUW1wR01XYxAB
345,5665,ChIJESl0WIRQC18RBz9PZp_X5hc,1,コンササッポロ,2026-01-29T11:54:49.004Z,,,Ci9DQUlRQUNvZENodHljRjlvT21jNFRubHFjR1JpTTNoRVprUnhOM2xWV2xneFJVRRAB
346,84002,ChIJM0Y8lo_2nl8Rd4kHM4w4Rjg,5,ちゃびママ,2026-01-26T03:01:44.791Z,"※他の大きな病院と比べた個人的な感想です。
参考になれば幸いです。
車の事故で入院しお世話になりました。
医師も看護師もリハスタッフも掃除などのスタッフも皆さん、気さくに話が出来、とても良くしていただきました。
偉そうな職員は１人もおらず、皆さん親切に対応してくれ、話も親身に聞いてくださり、事故の後の不安で心細い気持ちと体の痛みが日に日に癒されていくのが分かりました。
本当に感謝します。
特に、他の大きな病院と比較して良かったのがTV、冷蔵庫代が今どきのカード方式ではなく、1日料金な事です。
以前、認知症の母が他の病院に入院した際に、TVカードを1日1枚1000円の用意が必要でした。1日1枚でも我慢させてました。
暇なのでずっとTVをかけっぱなしで、離れる時も家感覚でいちいち消さない。
カードが無くなると不穏になる⋯。
冷蔵庫も毎日ボタンを押さないと切れてしまうので認知症の高齢者にはハードルが高く、気付くと中のものが傷んでしまうという状態でした。
こちらの昔ながらの1日いくらという良心的な料金設定には有難く思います。
医師の印象も外来受診同行で感じていた印象とは違い、話しやすく、優しかったです。外来は忙しいんですね。
リハビリも親身になって関わっていただきました。
色々な病院に入院したり、仕事で関わってきましたが、新都市病院の入院の印象は、皆さん優しくて有難いといったものでした。
身体的にも精神的にもとても元気にしてもらい、明日、退院予定です。
本当に有難うございました。",,Ci9DQUlRQUNvZENodHljRjlvT2tWUVJVdElWSEExUTFWcmJraG1ZMlJFT0dsUFIwRRAB
347,4252,ChIJNypiAHXoDF8RWVyGYurIXcY,4,シッピー,2026-01-29T07:25:21.255Z,,,Ci9DQUlRQUNvZENodHljRjlvT2tFeFUxUTViRVJTU0U1bk55MHdiRWRGYWtKaFpYYxAB
348,9050,ChIJQSno41c9cl8Rku_46tm2hy4,5,kっけ,2026-01-30T10:33:03.044Z,難抜歯で入院しました。痛みもなく、腫れも少なかったです。先生も看護師さんも優しかったです。,,Ci9DQUlRQUNvZENodHljRjlvT2pKTE1DMVJiR2sxZG1sbmJXSklkWEp1ZG5WcGJuYxAB
349,9050,ChIJQSno41c9cl8Rku_46tm2hy4,1,あい,2026-01-26T07:50:13.454Z,,,Ci9DQUlRQUNvZENodHljRjlvT25sYU1VNDRaa3hHVWtscFNrNDFWRjlXT0dOQlIwRRAB
350,9050,ChIJQSno41c9cl8Rku_46tm2hy4,5,大瀧隼也,2026-01-25T11:41:03.470Z,,,Ci9DQUlRQUNvZENodHljRjlvT2pkalh5MXNXV0ZyVldJMU56TjNjVmx1UTFKSFVHYxAB
351,9050,ChIJQSno41c9cl8Rku_46tm2hy4,1,jacob,2026-01-23T11:23:27.383Z,木黄田✕,,Ci9DQUlRQUNvZENodHljRjlvT21OVlJYbG5kRGxaWkRadlUzbEZZblI0U2tNMVNGRRAB
352,8868,ChIJE3gu5dWec18RLJyL0D_-r7k,5,朝日明美,2026-01-23T02:23:12.393Z,"インプラントを二本治療しましたがとても快適です
治療後もメンテナンスは完璧ですし、安全で安心感があります
先生もスタッフの方もとても優しい方ばかりです",,Ci9DQUlRQUNvZENodHljRjlvT2xSU2JITnFlazFPT0ZKcWVETjNSR2h3WkhWSmMxRRAB
